구이름,동이름,공영민영개수총합계,공영민영면적총합계,공영개수,공영면수,민영개수,민영면수,노상총개수,노상총면수,노상시영개수,노상시영면수,노상구영개수,노상구영면수,노외총합개수,노외총합면수,노외시영개수,노외시영면수,노외구영개수,노외국영면수,노외민영개수,노외민영면수,건축물총개수,건축물총면적,일반주택개수,일반주택면적,공동주택개수,공동주택면적,일반건축물개수,일반건축물면적
종로구,소계,8232,92062,185,5833,8047,86229,147,1987,10,326,137,1661,98,5052,5,2668,33,1178,60,1206,7987,85023,2658,6748,1448,25103,3881,53172
종로구,사직동,362,12605,17,1422,345,11183,13,95,-,-,13,95,9,1442,3,1307,1,20,5,115,340,11068,76,370,64,2442,200,8256
종로구,삼청동,343,2237,16,122,327,2115,14,91,-,-,14,91,5,145,-,-,2,31,3,114,324,2001,84,183,9,68,231,1750
종로구,부암동,596,3533,10,141,586,3392,8,110,-,-,8,110,2,31,-,-,2,31,-,-,586,3392,315,687,145,1202,126,1503
종로구,평창동,1617,9390,23,265,1594,9125,20,208,-,-,20,208,3,57,-,-,3,57,-,-,1594,9125,1080,2307,265,4728,249,2090
종로구,무악동,69,3185,-,-,69,3185,-,-,-,-,-,-,-,-,-,-,-,-,-,-,69,3185,10,294,10,2717,49,174
종로구,교남동,209,5240,6,100,203,5140,4,58,-,-,4,58,2,42,-,-,2,42,-,-,203,5140,24,58,62,2794,117,2288
종로구,가회동,461,3238,9,205,452,3033,9,205,-,-,9,205,1,4,-,-,-,-,1,4,451,3029,87,219,88,426,276,2384
종로구,종로1.2.3.4가동,935,18551,21,1709,914,16842,17,293,7,165,10,128,25,1881,2,1361,2,55,21,465,893,16377,33,272,4,1144,856,14961
종로구,종로5.6가동,705,4754,8,190,697,4564,8,190,1,83,7,107,4,75,-,-,-,-,4,75,693,4489,77,152,10,178,606,4159
종로구,이화동,442,8766,16,237,426,8529,13,104,-,-,13,104,8,198,-,-,3,133,5,65,421,8464,89,223,94,569,238,7672
종로구,창신1동,228,2175,5,170,223,2005,4,84,2,78,2,6,11,225,-,-,1,86,10,139,213,1866,24,64,8,573,181,1229
종로구,창신2동,209,917,10,194,199,723,8,121,-,-,8,121,3,83,-,-,2,73,1,10,198,713,48,138,81,428,69,147
종로구,창신3동,37,1637,5,121,32,1516,3,52,-,-,3,52,2,69,-,-,2,69,-,-,32,1516,9,19,8,1381,15,116
종로구,숭인1동,88,1512,5,67,83,1445,4,38,-,-,4,38,1,29,-,-,1,29,-,-,83,1445,27,57,16,1211,40,177
종로구,숭인2동,441,3776,6,133,435,3643,4,40,-,-,4,40,8,229,-,-,2,93,6,136,429,3507,40,90,130,1340,259,2077
종로구,청운효자동,668,4592,14,383,654,4209,10,155,-,-,10,155,4,228,-,-,4,228,-,-,654,4209,262,603,274,1830,118,1776
종로구,혜화동,822,5954,14,374,808,5580,8,143,-,-,8,143,10,314,-,-,6,231,4,83,804,5497,373,1012,180,2072,251,2413
중구,소계,4269,109153,170,5399,4099,103754,139,1236,19,375,120,861,73,5999,5,2034,26,2129,42,1836,4057,101918,865,2293,735,28773,2457,70852
중구,소공동,149,14062,6,105,143,13957,5,59,1,9,4,50,7,206,-,-,1,46,6,160,137,13797,1,2,3,1159,133,12636
중구,회현동,190,11806,18,209,172,11597,16,141,6,72,10,69,9,398,-,-,2,68,7,330,165,11267,15,60,16,1571,134,9636
중구,명동,291,15101,10,88,281,15013,7,53,1,3,6,50,9,337,1,13,2,22,6,302,275,14711,36,155,6,687,233,13869
중구,필동,375,4903,25,248,350,4655,22,145,1,14,21,131,4,117,2,56,1,47,1,14,349,4641,55,178,29,440,265,4023
중구,장충동,320,5458,13,175,307,5283,12,69,-,-,12,69,2,256,-,-,1,106,1,150,306,5133,66,206,80,683,160,4244
중구,광희동,281,8776,13,625,268,8151,12,134,3,54,9,80,4,610,-,-,1,491,3,119,265,8032,36,64,15,1138,214,6830
중구,을지로동,135,4828,10,1127,125,3701,9,254,3,173,6,81,10,1222,1,873,-,-,9,349,116,3352,1,1,2,85,113,3266
중구,신당5동,267,2794,8,113,259,2681,6,39,-,-,6,39,2,74,-,-,2,74,-,-,259,2681,88,184,45,1475,126,1022
중구,황학동,353,6894,2,126,351,6768,1,13,-,-,1,13,8,405,-,-,1,113,7,292,344,6476,102,201,30,4026,212,2249
중구,중림동,124,5383,9,202,115,5181,8,40,-,-,8,40,2,267,-,-,1,162,1,105,114,5076,20,43,35,1837,59,3196
중구,신당동,408,7819,15,1301,393,6518,13,134,4,50,9,84,3,1182,1,1092,1,75,1,15,392,6503,106,230,42,1294,244,4979
중구,다산동,675,4827,20,541,655,4286,11,67,-,-,11,67,9,474,-,-,9,474,-,-,655,4286,183,508,243,1778,229,2000
중구,약수동,216,6341,3,90,213,6251,2,2,-,-,2,2,1,88,-,-,1,88,-,-,213,6251,35,131,98,5268,80,852
중구,청구동,237,5147,12,196,225,4951,10,62,-,-,10,62,2,134,-,-,2,134,-,-,225,4951,69,182,54,3938,102,831
중구,동화동,248,5014,6,253,242,4761,5,24,-,-,5,24,1,229,-,-,1,229,-,-,242,4761,52,148,37,3394,153,1219
용산구,소계,7383,118632,386,6375,6997,112257,345,3403,2,21,343,3382,71,3596,4,847,37,2125,30,624,6967,111633,2708,6264,2121,63687,2138,41682
용산구,후암동,739,4578,26,257,713,4321,22,178,-,-,22,178,6,116,-,-,4,79,2,37,711,4284,283,568,324,2944,104,772
용산구,용산2가동,396,1177,25,227,371,950,22,96,-,-,22,96,3,131,1,24,2,107,-,-,371,950,159,189,96,331,116,430
용산구,남영동,267,5552,20,224,247,5328,19,195,-,-,19,195,7,213,-,-,1,29,6,184,241,5144,56,110,61,414,124,4620
용산구,원효로2동,275,6196,13,217,262,5979,12,108,-,-,12,108,1,109,-,-,1,109,-,-,262,5979,80,170,79,4159,103,1650
용산구,효창동,340,3837,23,314,317,3523,22,298,-,-,22,298,1,16,-,-,1,16,-,-,317,3523,102,268,145,2580,70,675
용산구,용문동,384,4697,8,93,376,4604,6,48,-,-,6,48,3,70,-,-,2,45,1,25,375,4579,153,350,175,3952,47,277
용산구,이촌1동,74,10058,10,130,64,9928,9,125,-,-,9,125,1,5,-,-,1,5,-,-,64,9928,-,-,33,9179,31,749
용산구,이촌2동,57,2159,12,211,45,1948,12,211,-,-,12,211,-,-,-,-,-,-,-,-,45,1948,6,13,21,1753,18,182
용산구,이태원1동,450,3966,19,162,431,3804,19,162,-,-,19,162,5,81,-,-,-,-,5,81,426,3723,208,668,68,1125,150,1930
용산구,이태원2동,685,3786,15,278,670,3508,14,167,-,-,14,167,2,131,-,-,1,111,1,20,669,3488,406,823,169,1892,94,773
용산구,서빙고동,243,6523,22,481,221,6042,18,336,-,-,18,336,5,153,1,88,3,57,1,8,220,6034,97,181,64,3802,59,2051
용산구,보광동,408,2800,23,291,385,2509,19,206,-,-,19,206,9,134,-,-,4,85,5,49,380,2460,199,419,95,1354,86,687
용산구,청파동,910,6781,32,427,878,6354,26,175,-,-,26,175,7,297,-,-,6,252,1,45,877,6309,334,787,283,2516,260,3006
용산구,원효로1동,436,9967,27,201,409,9766,26,159,1,16,25,143,2,48,-,-,1,42,1,6,408,9760,97,232,130,6751,181,2777
용산구,한강로동,454,30057,65,1998,389,28059,57,636,-,-,57,636,11,1443,1,561,7,801,3,81,386,27978,38,52,61,12768,287,15158
용산구,한남동,1265,16498,46,864,1219,15634,42,303,1,5,41,298,8,649,1,174,3,387,4,88,1215,15546,490,1434,317,8167,408,5945
성동구,소계,6711,134544,270,7056,6441,127488,236,4278,1,31,235,4247,59,3436,1,10,33,2768,25,658,6416,126830,2948,6577,894,75816,2574,44437
성동구,왕십리2동,229,5044,6,135,223,4909,5,41,-,-,5,41,1,94,-,-,1,94,-,-,223,4909,103,270,28,3934,92,705
성동구,마장동,720,8796,40,1106,680,7690,36,805,-,-,36,805,7,390,1,10,3,291,3,89,677,7601,294,653,77,4209,306,2739
성동구,사근동,491,7355,8,241,483,7114,5,46,-,-,5,46,4,205,-,-,3,195,1,10,482,7104,263,847,78,1906,141,4351
성동구,행당1동,298,7516,8,98,290,7418,8,98,-,-,8,98,1,150,-,-,-,-,1,150,289,7268,107,247,58,4004,124,3017
성동구,행당2동,92,9357,2,22,90,9335,2,22,-,-,2,22,-,-,-,-,-,-,-,-,90,9335,47,120,25,9019,18,196
성동구,응봉동,98,3151,11,363,87,2788,8,127,-,-,8,127,3,236,-,-,3,236,-,-,87,2788,44,85,33,2555,10,148
성동구,금호1가동,82,5457,7,101,75,5356,4,67,-,-,4,67,3,34,-,-,3,34,-,-,75,5356,14,28,11,4867,50,461
성동구,금호4가동,137,5423,2,42,135,5381,2,42,-,-,2,42,2,10,-,-,-,-,2,10,133,5371,48,104,29,4777,56,490
성동구,성수1가1동,596,7635,16,416,580,7219,14,226,-,-,14,226,4,241,-,-,2,190,2,51,578,7168,230,514,89,2809,259,3845
성동구,성수1가2동,633,9712,22,643,611,9069,19,211,-,-,19,211,5,475,-,-,3,432,2,43,609,9026,398,737,41,5008,170,3281
성동구,성수2가1동,682,8387,35,724,647,7663,33,527,-,-,33,527,5,248,-,-,2,197,3,51,644,7612,315,688,75,2692,254,4232
성동구,성수2가3동,739,16697,39,1199,700,15498,38,1007,-,-,38,1007,3,242,-,-,1,192,2,50,698,15448,168,454,53,2962,477,12032
성동구,송정동,556,3118,13,296,543,2822,10,158,-,-,10,158,4,164,-,-,3,138,1,26,542,2796,405,647,57,1242,80,907
성동구,용답동,508,6002,25,838,483,5164,21,512,-,-,21,512,7,437,-,-,4,326,3,111,480,5053,242,464,38,376,200,4213
성동구,왕십리도선동,363,13447,20,402,343,13045,18,133,-,-,18,133,5,315,-,-,2,269,3,46,340,12999,103,333,35,10142,202,2524
성동구,금호2.3가동,345,6764,9,281,336,6483,7,152,-,-,7,152,4,150,-,-,2,129,2,21,334,6462,127,242,133,5665,74,555
성동구,옥수동,142,10683,7,149,135,10534,6,104,1,31,5,73,1,45,-,-,1,45,-,-,135,10534,40,144,34,9649,61,741
광진구,소계,17450,134389,69,4856,17381,129533,20,3032,1,19,19,3013,70,2273,-,-,49,1824,21,449,17360,129084,9248,21926,4365,63783,3747,43375
광진구,화양동,1226,10647,7,325,1219,10322,1,173,-,-,1,173,6,152,-,-,6,152,-,-,1219,10322,595,1460,208,1990,416,6872
광진구,군자동,1155,7263,4,136,1151,7127,1,50,-,-,1,50,5,133,-,-,3,86,2,47,1149,7080,625,1676,237,2410,287,2994
광진구,중곡1동,1345,4979,2,147,1343,4832,1,126,-,-,1,126,4,85,-,-,1,21,3,64,1340,4768,765,1439,243,1845,332,1484
광진구,중곡2동,1522,6526,4,186,1518,6340,2,162,-,-,2,162,3,34,-,-,2,24,1,10,1517,6330,801,1909,385,2653,331,1768
광진구,중곡3동,1342,5359,5,393,1337,4966,1,200,-,-,1,200,5,205,-,-,4,193,1,12,1336,4954,814,1238,235,1594,287,2122
광진구,중곡4동,1891,8177,9,563,1882,7614,2,425,-,-,2,425,8,168,-,-,7,138,1,30,1881,7584,1003,2304,595,3865,283,1415
광진구,능동,929,6560,4,353,925,6207,1,249,-,-,1,249,4,118,-,-,3,104,1,14,924,6193,637,2128,154,1057,133,3008
광진구,구의1동,1648,8621,5,331,1643,8290,1,106,-,-,1,106,5,251,-,-,4,225,1,26,1642,8264,941,2256,404,3561,297,2447
광진구,구의2동,1407,8722,6,296,1401,8426,1,166,-,-,1,166,6,150,-,-,5,130,1,20,1400,8406,659,1653,537,5172,204,1581
광진구,구의3동,770,14788,5,370,765,14418,3,192,1,19,2,173,2,178,-,-,2,178,-,-,765,14418,299,837,267,8788,199,4793
광진구,광장동,364,16425,5,292,359,16133,1,203,-,-,1,203,4,89,-,-,4,89,-,-,359,16133,99,223,103,9870,157,6040
광진구,자양1동,1333,6870,2,92,1331,6778,1,68,-,-,1,68,5,108,-,-,1,24,4,84,1327,6694,699,1576,349,3185,279,1933
광진구,자양2동,1200,9499,5,734,1195,8765,1,412,-,-,1,412,7,394,-,-,4,322,3,72,1192,8693,611,1652,383,5028,198,2013
광진구,자양3동,435,14240,2,339,433,13901,2,339,-,-,2,339,-,-,-,-,-,-,-,-,433,13901,202,501,111,10023,120,3377
광진구,자양4동,883,5713,4,299,879,5414,1,161,-,-,1,161,6,208,-,-,3,138,3,70,876,5344,498,1074,154,2742,224,1528
동대문구,소계,10080,148103,603,5862,9477,142241,569,3733,1,103,568,3630,48,2409,3,233,31,1896,14,280,9463,141961,4074,9395,1750,81835,3639,50731
동대문구,회기동,598,6029,14,168,584,5861,13,68,-,-,13,68,2,110,-,-,1,100,1,10,583,5851,309,661,70,1352,204,3838
동대문구,휘경1동,388,6499,16,249,372,6250,15,202,-,-,15,202,1,47,-,-,1,47,-,-,372,6250,186,493,58,3991,128,1766
동대문구,휘경2동,836,11358,6,376,830,10982,2,4,-,-,2,4,5,380,-,-,4,372,1,8,829,10974,550,1114,152,5772,127,4088
동대문구,청량리동,456,8940,54,421,402,8519,51,326,-,-,51,326,3,95,-,-,3,95,-,-,402,8519,155,309,80,4836,167,3374
동대문구,용신동,1407,16812,95,728,1312,16084,92,606,1,103,91,503,6,207,1,79,2,43,3,85,1309,15999,475,1125,181,5636,653,9238
동대문구,제기동,978,9163,59,957,919,8206,57,618,-,-,57,618,4,361,-,-,2,339,2,22,917,8184,358,891,178,4771,381,2522
동대문구,전농1동,907,11320,101,622,806,10698,99,529,-,-,99,529,5,132,-,-,2,93,3,39,803,10659,366,702,173,5550,264,4407
동대문구,전농2동,233,7287,9,56,224,7231,8,36,-,-,8,36,1,20,-,-,1,20,-,-,224,7231,92,174,52,5340,80,1717
동대문구,답십리2동,444,9090,25,319,419,8771,21,170,-,-,21,170,4,149,-,-,4,149,-,-,419,8771,190,392,62,6644,167,1735
동대문구,장안1동,1323,19466,84,554,1239,18912,78,339,-,-,78,339,8,275,1,74,5,141,2,60,1237,18852,348,1019,316,10801,573,7032
동대문구,장안2동,1014,14889,56,513,958,14376,52,259,-,-,52,259,5,310,1,80,3,174,1,56,957,14320,349,1112,220,8921,388,4287
동대문구,이문1동,735,7147,27,275,708,6872,26,191,-,-,26,191,1,84,-,-,1,84,-,-,708,6872,377,841,98,3489,233,2542
동대문구,이문2동,294,6493,30,254,264,6239,29,208,-,-,29,208,2,46,-,-,1,46,1,-,263,6239,159,232,39,4970,65,1037
동대문구,답십리1동,467,13610,27,370,440,13240,26,177,-,-,26,177,1,193,-,-,1,193,-,-,440,13240,160,330,71,9762,209,3148
중랑구,소계,13251,132884,571,11179,12680,121705,519,6106,-,-,519,6106,80,6006,3,782,49,4291,28,933,12652,120772,4164,10299,3927,80089,4561,30384
중랑구,면목2동,833,6122,33,858,800,5264,28,353,-,-,28,353,5,505,1,129,4,376,-,-,800,5264,206,496,250,3291,344,1477
중랑구,면목4동,583,4786,35,694,548,4092,30,236,-,-,30,236,6,471,-,-,5,458,1,13,547,4079,233,539,150,2555,164,985
중랑구,면목5동,457,7247,27,1260,430,5987,23,243,-,-,23,243,4,1017,1,567,3,450,-,-,430,5987,146,322,147,4058,137,1607
중랑구,면목7동,648,6840,32,314,616,6526,30,208,-,-,30,208,3,157,-,-,2,106,1,51,615,6475,242,694,151,4567,222,1214
중랑구,상봉1동,508,9696,17,254,491,9442,16,176,-,-,16,176,2,264,-,-,1,78,1,186,490,9256,84,136,287,8123,119,997
중랑구,상봉2동,941,6796,36,485,905,6311,34,361,-,-,34,361,5,242,-,-,2,124,3,118,902,6193,240,816,251,2227,411,3150
중랑구,중화1동,1686,5636,35,573,1651,5063,31,263,-,-,31,263,5,310,-,-,4,310,1,-,1650,5063,162,396,373,3981,1115,686
중랑구,중화2동,900,6279,42,1269,858,5010,38,872,-,-,38,872,9,470,-,-,4,397,5,73,853,4937,204,304,432,3519,217,1114
중랑구,묵1동,1133,15177,46,923,1087,14254,40,480,-,-,40,480,6,443,-,-,6,443,-,-,1087,14254,492,1205,394,11384,201,1665
중랑구,묵2동,867,6276,22,673,845,5603,22,673,-,-,22,673,-,-,-,-,-,-,-,-,845,5603,393,801,257,3723,195,1079
중랑구,망우3동,906,4324,45,543,861,3781,44,298,-,-,44,298,2,255,-,-,1,245,1,10,860,3771,476,1209,195,1471,189,1091
중랑구,신내1동,465,17192,21,455,444,16737,19,310,-,-,19,310,3,228,-,-,2,145,1,83,443,16654,59,203,155,12222,229,4229
중랑구,신내2동,39,6670,5,136,34,6534,4,50,-,-,4,50,1,86,1,86,-,-,-,-,34,6534,-,-,8,5120,26,1414
중랑구,면목본동,1286,8157,61,805,1225,7352,58,530,-,-,58,530,7,340,-,-,3,275,4,65,1221,7287,481,1384,391,3774,349,2129
중랑구,면목3.8동,894,7070,52,797,842,6273,46,413,-,-,46,413,9,556,-,-,6,384,3,172,839,6101,398,990,194,3118,247,1993
중랑구,망우본동,1105,14616,62,1140,1043,13476,56,640,-,-,56,640,13,662,-,-,6,500,7,162,1036,13314,348,804,292,6956,396,5554
성북구,소계,9503,155254,228,6447,9275,148807,127,4571,1,26,126,4545,149,4046,1,21,100,1855,48,2170,9227,146637,3123,8763,2942,94670,3162,43204
성북구,돈암1동,79,5809,2,17,77,5792,2,17,-,-,2,17,-,-,-,-,-,-,-,-,77,5792,20,97,30,5327,27,368
성북구,돈암2동,62,9912,-,-,62,9912,-,-,-,-,-,-,1,100,-,-,-,-,1,100,61,9812,11,58,34,9294,16,460
성북구,안암동,559,7994,10,359,549,7635,8,346,-,-,8,346,2,13,-,-,2,13,-,-,549,7635,177,526,97,1509,275,5600
성북구,보문동,396,3535,11,326,385,3209,8,300,-,-,8,300,3,26,-,-,3,26,-,-,385,3209,109,302,91,1549,185,1358
성북구,정릉1동,209,6064,7,182,202,5882,5,174,-,-,5,174,5,48,-,-,2,8,3,40,199,5842,49,179,71,5115,79,548
성북구,정릉2동,570,7628,9,248,561,7380,5,207,-,-,5,207,6,71,-,-,4,41,2,30,559,7350,102,780,337,5064,120,1506
성북구,정릉3동,605,4300,16,346,589,3954,7,185,-,-,7,185,11,183,-,-,9,161,2,22,587,3932,245,727,178,1772,164,1433
성북구,정릉4동,547,8622,8,228,539,8394,5,152,-,-,5,152,4,85,-,-,3,76,1,9,538,8385,142,387,271,6870,125,1128
성북구,길음1동,96,13513,3,20,93,13493,2,14,-,-,2,14,2,76,-,-,1,6,1,70,92,13423,19,45,25,12639,48,739
성북구,길음2동,148,12483,5,208,143,12275,3,49,-,-,3,49,6,1220,-,-,2,159,4,1061,139,11214,48,94,17,6768,74,4352
성북구,월곡1동,390,9587,17,422,373,9165,8,216,-,-,8,216,9,206,-,-,9,206,-,-,373,9165,121,233,82,4601,170,4331
성북구,월곡2동,608,8437,16,389,592,8048,11,246,-,-,11,246,9,258,-,-,5,143,4,115,588,7933,286,521,85,4183,217,3229
성북구,장위1동,753,4431,16,479,737,3952,3,274,-,-,3,274,15,244,-,-,13,205,2,39,735,3913,181,487,410,2745,144,681
성북구,장위2동,496,3079,13,250,483,2829,7,127,-,-,7,127,10,200,-,-,6,123,4,77,479,2752,147,321,164,1363,168,1068
성북구,장위3동,125,6574,6,274,119,6300,2,129,-,-,2,129,6,283,-,-,4,145,2,138,117,6162,33,74,38,2978,46,3110
성북구,성북동,1052,5775,24,577,1028,5198,16,442,1,26,15,416,10,153,-,-,8,135,2,18,1026,5180,475,1309,210,1867,341,2004
성북구,삼선동,647,8283,18,666,629,7617,9,459,-,-,9,459,18,448,-,-,9,207,9,241,620,7376,204,560,200,4493,216,2323
성북구,동선동,612,6177,13,444,599,5733,8,401,-,-,8,401,10,111,-,-,5,43,5,68,594,5665,182,646,139,1860,273,3159
성북구,종암동,825,13161,17,495,808,12666,8,383,-,-,8,383,11,144,1,21,8,91,2,32,806,12634,286,779,258,9508,262,2347
성북구,석관동,724,9890,17,517,707,9373,10,450,-,-,10,450,11,177,-,-,7,67,4,110,703,9263,286,638,205,5165,212,3460
강북구,소계,11645,96636,51,5286,11594,91350,23,3056,1,16,22,3040,50,2704,-,-,28,2230,22,474,11572,90876,5900,11979,3533,58673,2139,20224
강북구,번1동,1081,6575,2,429,1079,6146,1,244,-,-,1,244,3,244,-,-,1,185,2,59,1077,6087,676,1185,179,2313,222,2589
강북구,번2동,500,4328,3,363,497,3965,1,156,-,-,1,156,2,207,-,-,2,207,-,-,497,3965,296,757,131,2299,70,909
강북구,번3동,129,4842,1,4,128,4838,1,4,-,-,1,4,1,1,-,-,-,-,1,1,127,4837,16,48,46,3840,65,949
강북구,수유1동,1026,5866,6,489,1020,5377,2,183,-,-,2,183,5,340,-,-,4,306,1,34,1019,5343,440,855,395,3051,184,1437
강북구,수유2동,860,7176,3,394,857,6782,2,332,-,-,2,332,1,62,-,-,1,62,-,-,857,6782,354,813,331,5082,172,887
강북구,수유3동,1338,7327,4,366,1334,6961,3,329,-,-,3,329,5,89,-,-,1,37,4,52,1330,6909,698,1401,350,3196,282,2312
강북구,삼양동,687,6786,8,425,679,6361,1,76,-,-,1,76,7,349,-,-,7,349,-,-,679,6361,255,506,308,4961,116,894
강북구,미아동,971,7367,3,476,968,6891,2,321,1,16,1,305,1,155,-,-,1,155,-,-,968,6891,528,1036,261,2762,179,3093
강북구,송중동,1105,9441,6,477,1099,8964,2,296,-,-,2,296,7,257,-,-,4,181,3,76,1096,8888,673,1350,202,5000,221,2538
강북구,송천동,980,7837,5,558,975,7279,3,395,-,-,3,395,8,275,-,-,2,163,6,112,969,7167,533,959,223,4378,213,1830
강북구,삼각산동,45,12858,1,28,44,12830,1,28,-,-,1,28,2,36,-,-,-,-,2,36,42,12794,9,16,7,12443,26,335
강북구,우이동,1185,6600,4,531,1181,6069,2,291,-,-,2,291,5,344,-,-,2,240,3,104,1178,5965,554,1204,460,3990,164,771
강북구,인수동,1738,9633,5,746,1733,8887,2,401,-,-,2,401,3,345,-,-,3,345,-,-,1733,8887,868,1849,640,5358,225,1680
도봉구,소계,9868,110933,465,5258,9403,105675,412,2897,-,-,412,2897,75,2901,3,599,50,1762,22,540,9381,105135,4240,7927,3213,73753,1928,23455
도봉구,쌍문1동,898,7242,42,482,856,6760,38,423,-,-,38,423,6,79,-,-,4,59,2,20,854,6740,343,162,393,4946,118,1632
도봉구,쌍문2동,775,6249,51,334,724,5915,46,199,-,-,46,199,6,179,-,-,5,135,1,44,723,5871,274,710,301,3844,148,1317
도봉구,쌍문3동,779,5627,29,203,750,5424,26,147,-,-,26,147,5,110,-,-,3,56,2,54,748,5370,351,688,257,3535,140,1147
도봉구,쌍문4동,164,4711,18,181,146,4530,16,144,-,-,16,144,3,57,-,-,2,37,1,20,145,4510,41,84,80,3987,24,439
도봉구,방학1동,1227,13443,68,448,1159,12995,66,421,-,-,66,421,2,27,-,-,2,27,-,-,1159,12995,584,1084,275,7910,300,4001
도봉구,방학2동,1312,5715,58,473,1254,5242,51,232,-,-,51,232,8,248,-,-,7,241,1,7,1253,5235,689,1346,414,3209,150,680
도봉구,방학3동,151,6835,7,101,144,6734,5,75,-,-,5,75,4,58,-,-,2,26,2,32,142,6702,20,58,49,5928,73,716
도봉구,창1동,401,6767,16,194,385,6573,14,81,-,-,14,81,2,113,-,-,2,113,-,-,385,6573,175,316,121,5155,89,1102
도봉구,창2동,1048,10273,34,338,1014,9935,30,207,-,-,30,207,6,156,-,-,4,131,2,25,1012,9910,306,649,485,6715,221,2546
도봉구,창3동,833,3729,24,333,809,3396,22,238,-,-,22,238,4,113,-,-,2,95,2,18,807,3378,503,782,180,2063,124,533
도봉구,창4동,98,10805,11,299,87,10506,10,111,-,-,10,111,1,188,-,-,1,188,-,-,87,10506,2,10,19,7900,66,2596
도봉구,창5동,458,11136,19,217,439,10919,17,101,-,-,17,101,2,116,1,107,1,9,-,-,439,10919,94,234,160,7884,185,2801
도봉구,도봉1동,1351,7935,72,1148,1279,6787,64,403,-,-,64,403,16,859,2,492,6,253,8,114,1271,6673,647,1385,419,3748,205,1540
도봉구,도봉2동,373,10466,16,507,357,9959,7,115,-,-,7,115,10,598,-,-,9,392,1,206,356,9753,211,419,60,6929,85,2405
노원구,소계,6024,178194,178,3662,5846,174532,138,2001,1,23,137,1978,52,2058,2,95,38,1566,12,397,5834,174135,1941,6683,1842,128465,2051,38987
노원구,월계1동,577,9316,14,294,563,9022,11,170,-,-,11,170,6,271,2,95,1,29,3,147,560,8875,184,420,212,5962,164,2493
노원구,월계2동,157,9180,3,40,154,9140,2,10,-,-,2,10,1,30,-,-,1,30,-,-,154,9140,64,251,44,7641,46,1248
노원구,월계3동,56,10996,1,4,55,10992,1,4,-,-,1,4,1,80,-,-,-,-,1,80,54,10912,20,41,13,8673,21,2198
노원구,공릉2동,634,18724,16,163,618,18561,14,128,-,-,14,128,2,35,-,-,2,35,-,-,618,18561,295,773,164,13402,159,4386
노원구,하계1동,302,10360,12,380,290,9980,8,110,-,-,8,110,4,270,-,-,4,270,-,-,290,9980,80,393,82,6511,128,3076
노원구,하계2동,15,5520,-,-,15,5520,-,-,-,-,-,-,-,-,-,-,-,-,-,-,15,5520,1,27,6,5318,8,175
노원구,중계본동,286,9135,9,139,277,8996,6,124,-,-,6,124,3,15,-,-,3,15,-,-,277,8996,46,155,124,6948,107,1893
노원구,중계1동,69,9864,2,69,67,9795,2,69,-,-,2,69,-,-,-,-,-,-,-,-,67,9795,4,170,15,7684,48,1941
노원구,중계4동,155,6500,3,53,152,6447,2,17,-,-,2,17,1,36,-,-,1,36,-,-,152,6447,16,49,40,5035,96,1363
노원구,상계1동,628,14425,18,497,610,13928,13,321,-,-,13,321,8,265,-,-,5,176,3,89,607,13839,173,559,191,10511,243,2769
노원구,상계2동,432,8349,13,267,419,8082,9,142,-,-,9,142,5,152,-,-,4,125,1,27,418,8055,119,274,118,4693,181,3088
노원구,상계5동,642,4947,15,215,627,4732,11,148,-,-,11,148,4,67,-,-,4,67,-,-,627,4732,296,808,164,3117,167,807
노원구,상계8동,28,5101,2,26,26,5075,2,26,-,-,2,26,-,-,-,-,-,-,-,-,26,5075,3,273,3,4367,20,435
노원구,상계9동,34,5906,2,23,32,5883,2,23,-,-,2,23,-,-,-,-,-,-,-,-,32,5883,5,315,4,3997,23,1571
노원구,상계10동,29,6856,3,76,26,6780,3,76,-,-,3,76,-,-,-,-,-,-,-,-,26,6780,2,217,6,6105,18,458
노원구,상계3.4동,574,7769,15,322,559,7447,9,95,1,23,8,72,8,263,-,-,6,227,2,36,557,7411,165,463,278,6131,114,817
노원구,상계6.7동,146,11812,9,425,137,11387,8,176,-,-,8,176,1,249,-,-,1,249,-,-,137,11387,3,181,10,7270,124,3936
노원구,중계2.3동,36,9352,2,251,34,9101,-,-,-,-,-,-,2,251,-,-,2,251,-,-,34,9101,2,52,9,5821,23,3228
노원구,공릉1동,1224,14082,39,418,1185,13664,35,362,-,-,35,362,6,74,-,-,4,56,2,18,1183,13646,463,1262,359,9279,361,3105
은평구,소계,18263,176603,141,5160,18122,171443,111,2856,1,14,110,2842,68,3062,1,399,29,1905,38,758,18084,170685,6744,12568,7733,114433,3607,43684
은평구,녹번동,1380,12606,8,313,1372,12293,6,166,-,-,6,166,3,167,-,-,2,147,1,20,1371,12273,328,541,764,8257,279,3475
은평구,불광1동,1048,12620,10,285,1038,12335,7,219,-,-,7,219,7,108,-,-,3,66,4,42,1034,12293,334,581,510,9573,190,2139
은평구,갈현1동,1364,5483,7,212,1357,5271,6,151,-,-,6,151,2,95,-,-,1,61,1,34,1356,5237,549,612,569,3214,238,1411
은평구,갈현2동,1631,9867,10,303,1621,9564,9,267,-,-,9,267,1,36,-,-,1,36,-,-,1621,9564,622,1174,712,6443,287,1947
은평구,구산동,1415,10833,11,342,1404,10491,9,255,-,-,9,255,2,87,-,-,2,87,-,-,1404,10491,515,1103,703,7706,186,1682
은평구,대조동,1412,9260,7,125,1405,9135,7,125,-,-,7,125,5,66,-,-,-,-,5,66,1400,9069,488,903,634,5465,278,2701
은평구,응암1동,942,15599,9,252,933,15347,7,164,-,-,7,164,5,137,-,-,2,88,3,49,930,15298,273,544,418,8339,239,6415
은평구,응암2동,290,9913,9,120,281,9793,8,99,-,-,8,99,1,21,-,-,1,21,-,-,281,9793,116,193,101,6766,64,2834
은평구,신사1동,1140,8841,7,242,1133,8599,5,119,-,-,5,119,4,154,-,-,2,123,2,31,1131,8568,363,778,581,6650,187,1140
은평구,신사2동,930,5669,6,300,924,5369,3,78,-,-,3,78,3,222,-,-,3,222,-,-,924,5369,431,770,282,3622,211,977
은평구,증산동,686,8679,11,365,675,8314,9,291,-,-,9,291,4,85,-,-,2,74,2,11,673,8303,336,581,215,4927,122,2795
은평구,수색동,262,6420,5,151,257,6269,4,40,-,-,4,40,4,295,-,-,1,111,3,184,254,6085,52,122,53,3510,149,2453
은평구,진관동,398,31613,2,562,396,31051,-,-,-,-,-,-,10,668,1,399,1,163,8,106,388,30945,146,170,51,22939,191,7836
은평구,불광2동,1706,7884,10,498,1696,7386,6,128,-,-,6,128,6,405,-,-,4,370,2,35,1694,7351,894,1672,573,4324,227,1355
은평구,응암3동,1124,6041,13,566,1111,5475,11,326,-,-,11,326,7,378,-,-,2,240,5,138,1106,5337,425,807,397,2785,284,1745
은평구,역촌동,2535,15275,16,524,2519,14751,14,428,1,14,13,414,4,138,-,-,2,96,2,42,2517,14709,872,2017,1170,9913,475,2779
서대문구,소계,10496,132942,755,5899,9741,127043,671,4236,1,7,670,4229,105,2045,1,27,83,1636,21,382,9720,126661,4986,11998,2600,67010,2134,47653
서대문구,천연동,236,5189,16,119,220,5070,13,72,-,-,13,72,4,63,-,-,3,47,1,16,219,5054,128,515,45,4037,46,502
서대문구,홍제1동,620,8056,61,460,559,7596,58,351,-,-,58,351,5,201,-,-,3,109,2,92,557,7504,242,467,216,5021,99,2016
서대문구,홍제3동,456,4303,39,332,417,3971,32,256,-,-,32,256,7,76,-,-,7,76,-,-,417,3971,229,337,87,2673,101,961
서대문구,홍제2동,205,5968,12,61,193,5907,10,32,-,-,10,32,3,42,-,-,2,29,1,13,192,5894,85,231,50,5334,57,329
서대문구,홍은1동,375,6636,58,536,317,6100,45,266,-,-,45,266,17,310,-,-,13,270,4,40,313,6060,148,267,85,5412,80,381
서대문구,홍은2동,1269,10590,53,355,1216,10235,47,231,-,-,47,231,6,124,-,-,6,124,-,-,1216,10235,606,1175,449,5927,161,3133
서대문구,남가좌1동,48,5014,8,82,40,4932,7,50,-,-,7,50,3,74,-,-,1,32,2,42,38,4890,10,13,14,4077,14,800
서대문구,남가좌2동,1169,16266,47,596,1122,15670,40,393,-,-,40,393,8,209,-,-,7,203,1,6,1121,15664,439,872,459,11651,223,3141
서대문구,북가좌1동,314,12845,26,229,288,12616,25,227,-,-,25,227,1,2,-,-,1,2,-,-,288,12616,146,325,94,6723,48,5568
서대문구,북가좌2동,1277,6621,115,358,1162,6263,110,330,1,7,109,323,5,28,-,-,5,28,-,-,1162,6263,701,1578,357,3380,104,1305
서대문구,충현동,812,11582,55,460,757,11122,46,260,-,-,46,260,12,233,1,27,8,173,3,33,754,11089,350,745,120,3463,284,6881
서대문구,북아현동,196,5803,16,236,180,5567,14,81,-,-,14,81,4,177,-,-,2,155,2,22,178,5545,147,1121,19,2010,12,2414
서대문구,신촌동,1111,19409,47,362,1064,19047,43,295,-,-,43,295,8,176,-,-,4,67,4,109,1060,18938,458,1765,125,1326,477,15847
서대문구,연희동,2408,14660,202,1713,2206,12947,181,1392,-,-,181,1392,22,330,-,-,21,321,1,9,2205,12938,1297,2587,480,5976,428,4375
마포구,소계,13162,199423,51,6828,13111,192595,29,4237,-,-,29,4237,62,4084,2,523,20,2068,40,1493,13071,191102,4141,11422,3975,97000,4955,82680
마포구,용강동,1028,7173,8,741,1020,6432,4,320,-,-,4,320,5,427,-,-,4,421,1,6,1019,6426,330,836,443,3570,246,2020
마포구,대흥동,821,7158,4,365,817,6793,1,266,-,-,1,266,3,99,1,20,2,79,-,-,817,6793,256,692,342,4492,219,1609
마포구,염리동,436,31057,2,286,434,30771,1,74,-,-,1,74,2,308,-,-,1,212,1,96,433,30675,179,542,74,9439,180,20694
마포구,신수동,883,12720,1,174,882,12546,1,174,-,-,1,174,1,13,-,-,-,-,1,13,881,12533,269,719,274,8437,338,3377
마포구,서교동,1283,8126,2,535,1281,7591,1,343,-,-,1,343,2,219,-,-,1,192,1,27,1280,7564,410,1121,520,4021,350,2422
마포구,합정동,662,16770,2,414,660,16356,1,356,-,-,1,356,1,58,-,-,1,58,-,-,660,16356,242,635,232,6213,186,9508
마포구,망원1동,609,9530,2,254,607,9276,1,156,-,-,1,156,1,98,-,-,1,98,-,-,607,9276,225,565,182,6745,200,1966
마포구,망원2동,128,14095,1,46,127,14049,1,46,-,-,1,46,3,21,-,-,-,-,3,21,124,14028,27,55,26,9492,71,4481
마포구,연남동,1246,6893,2,448,1244,6445,2,448,-,-,2,448,-,-,-,-,-,-,-,-,1244,6445,514,1531,366,3289,364,1625
마포구,성산1동,247,5631,4,432,243,5199,1,71,-,-,1,71,5,391,-,-,3,361,2,30,241,5169,68,154,101,3834,72,1181
마포구,성산2동,377,13274,3,697,374,12577,2,194,-,-,2,194,4,712,1,503,-,-,3,209,371,12368,78,240,109,7522,184,4606
마포구,상암동,1206,10849,4,670,1202,10179,3,542,-,-,3,542,5,231,-,-,1,128,4,103,1198,10076,319,765,486,5482,393,3829
마포구,도화동,297,9631,2,154,295,9477,1,91,-,-,1,91,3,323,-,-,1,63,2,260,293,9217,117,271,74,6056,102,2890
마포구,서강동,2842,24674,8,845,2834,23829,7,821,-,-,7,821,16,579,-,-,1,24,15,555,2819,23274,746,2418,472,6242,1601,14614
마포구,공덕동,614,14702,3,429,611,14273,1,293,-,-,1,293,4,173,-,-,2,136,2,37,609,14236,226,568,173,8657,210,5011
마포구,아현동,483,7140,3,338,480,6802,1,42,-,-,1,42,7,432,-,-,2,296,5,136,475,6666,135,310,101,3509,239,2847
양천구,소계,11017,166327,498,7454,10519,158873,442,2762,-,-,442,2762,65,5281,4,228,52,4464,9,589,10510,158284,3238,7373,4407,114151,2865,36760
양천구,목1동,261,22653,15,1819,246,20834,9,119,-,-,9,119,6,1700,-,-,6,1700,-,-,246,20834,40,67,50,11921,156,8846
양천구,목2동,1270,10032,30,271,1240,9761,26,138,-,-,26,138,5,156,-,-,4,133,1,23,1239,9738,349,918,706,7563,184,1257
양천구,목3동,895,8357,10,302,885,8055,6,45,-,-,6,45,5,275,-,-,4,257,1,18,884,8037,289,772,410,5809,185,1456
양천구,목4동,1089,8332,28,151,1061,8181,27,127,-,-,27,127,2,49,-,-,1,24,1,25,1060,8156,345,779,457,6107,258,1270
양천구,신월1동,1167,7001,83,1105,1084,5896,78,472,-,-,78,472,5,633,-,-,5,633,-,-,1084,5896,474,865,330,3465,280,1566
양천구,신월2동,593,7271,57,318,536,6953,55,241,-,-,55,241,2,77,-,-,2,77,-,-,536,6953,121,339,267,5664,148,950
양천구,신월3동,535,3881,30,617,505,3264,24,134,-,-,24,134,7,648,-,-,6,483,1,165,504,3099,207,343,175,1646,122,1110
양천구,신월4동,468,6355,27,155,441,6200,26,109,-,-,26,109,2,88,1,46,-,-,1,42,440,6158,102,291,238,5134,100,733
양천구,신월5동,650,5523,39,219,611,5304,39,219,-,-,39,219,1,253,-,-,-,-,1,253,610,5051,212,474,241,3142,157,1435
양천구,신월6동,190,6096,12,82,178,6014,10,46,-,-,10,46,3,71,-,-,2,36,1,35,177,5979,10,19,98,5389,69,571
양천구,신월7동,587,4182,4,294,583,3888,-,-,-,-,-,-,4,294,-,-,4,294,-,-,583,3888,32,101,376,2635,175,1152
양천구,신정1동,215,6045,3,179,212,5866,2,161,-,-,2,161,1,18,-,-,1,18,-,-,212,5866,56,96,40,4592,116,1178
양천구,신정2동,284,6507,23,193,261,6314,23,193,-,-,23,193,-,-,-,-,-,-,-,-,261,6314,55,102,63,5188,143,1024
양천구,신정3동,541,19107,26,346,515,18761,24,160,-,-,24,160,2,186,-,-,2,186,-,-,515,18761,216,428,166,16246,133,2087
양천구,신정6동,47,9010,6,326,41,8684,3,125,-,-,3,125,3,201,-,-,3,201,-,-,41,8684,4,24,7,5557,30,3103
양천구,신정7동,118,9316,8,263,110,9053,1,17,-,-,1,17,7,246,-,-,7,246,-,-,110,9053,18,62,28,7770,64,1221
양천구,목5동,62,13789,8,289,54,13500,3,59,-,-,3,59,5,230,2,103,3,127,-,-,54,13500,-,-,13,9626,41,3874
양천구,신정4동,2045,12870,89,525,1956,12345,86,397,-,-,86,397,5,156,1,79,2,49,2,28,1954,12317,708,1693,742,6697,504,3927
강서구,소계,17639,315812,665,8895,16974,306917,631,4390,1,59,630,4331,59,5606,10,1340,24,3165,25,1101,16949,305816,4747,12572,7401,151155,4801,142089
강서구,염창동,421,20668,15,125,406,20543,15,125,-,-,15,125,-,-,-,-,-,-,-,-,406,20543,23,118,153,12299,230,8126
강서구,등촌1동,473,13600,15,214,458,13386,14,203,-,-,14,203,1,11,-,-,1,11,-,-,458,13386,71,236,141,4259,246,8891
강서구,등촌2동,759,9611,38,254,721,9357,37,144,-,-,37,144,1,110,-,-,1,110,-,-,721,9357,241,758,349,6913,131,1686
강서구,등촌3동,233,17670,12,150,221,17520,12,150,-,-,12,150,3,176,-,-,-,-,3,176,218,17344,6,39,34,7802,178,9503
강서구,화곡본동,1877,12732,38,537,1839,12195,35,109,-,-,35,109,4,443,-,-,3,428,1,15,1838,12180,401,1021,1156,8460,281,2699
강서구,화곡2동,1052,6412,45,513,1007,5899,44,454,-,-,44,454,1,59,-,-,1,59,-,-,1007,5899,281,595,557,4199,169,1105
강서구,화곡3동,785,9879,40,304,745,9575,39,205,-,-,39,205,2,129,-,-,1,99,1,30,744,9545,282,683,287,7262,175,1600
강서구,화곡4동,1296,8090,54,376,1242,7714,53,238,-,-,53,238,2,156,-,-,1,138,1,18,1241,7696,458,1062,535,4993,248,1641
강서구,화곡6동,1104,14487,55,704,1049,13783,53,374,-,-,53,374,4,382,-,-,2,330,2,52,1047,13731,282,753,412,7325,353,5653
강서구,화곡8동,1303,8322,35,521,1268,7801,32,112,-,-,32,112,4,421,-,-,3,409,1,12,1267,7789,298,771,767,5753,202,1265
강서구,가양1동,500,49535,14,755,486,48780,11,115,-,-,11,115,5,1096,1,38,2,602,2,456,484,48324,41,179,88,11408,355,36737
강서구,가양2동,44,5314,7,200,37,5114,6,121,-,-,6,121,1,79,1,79,-,-,-,-,37,5114,-,-,7,3278,30,1836
강서구,가양3동,40,5567,3,132,37,5435,2,76,-,-,2,76,1,56,1,56,-,-,-,-,37,5435,-,-,10,3012,27,2423
강서구,발산1동,742,29360,36,382,706,28978,35,182,-,-,35,182,2,204,-,-,1,200,1,4,705,28974,125,352,307,9575,273,19047
강서구,공항동,1376,25818,55,390,1321,25428,54,379,-,-,54,379,4,70,1,11,-,-,3,59,1318,25369,693,2068,334,6291,291,17010
강서구,방화1동,1013,14206,37,449,976,13757,36,250,1,59,35,191,5,384,1,199,-,-,4,185,972,13572,302,854,296,9325,374,3393
강서구,방화2동,1018,15923,42,1070,976,14853,39,248,-,-,39,248,7,895,3,822,-,-,4,73,972,14780,356,744,300,4801,316,9235
강서구,방화3동,250,8603,18,293,232,8310,15,140,-,-,15,140,3,153,2,135,1,18,-,-,232,8310,85,222,79,6173,68,1915
강서구,화곡1동,2458,20220,64,1229,2394,18991,60,534,-,-,60,534,5,705,-,-,4,695,1,10,2393,18981,541,1328,1213,12445,639,5208
강서구,우장산동,895,19795,42,297,853,19498,39,231,-,-,39,231,4,77,-,-,3,66,1,11,852,19487,261,789,376,15582,215,3116
구로구,소계,9692,191823,277,5149,9415,186674,243,2663,5,149,238,2514,70,3470,4,583,30,1903,36,984,9379,185690,3631,7473,2707,104569,3041,73648
구로구,신도림동,218,20948,11,148,207,20800,11,148,-,-,11,148,1,52,-,-,-,-,1,52,206,20748,46,99,40,14482,120,6167
구로구,구로1동,63,7000,9,136,54,6864,9,136,-,-,9,136,-,-,-,-,-,-,-,-,54,6864,-,-,20,5161,34,1703
구로구,구로3동,385,24482,2,122,383,24360,1,11,-,-,1,11,2,176,1,91,-,20,1,65,382,24295,22,92,54,2850,306,21353
구로구,구로4동,243,5048,18,792,225,4256,15,210,1,35,14,175,6,737,2,164,1,418,3,155,222,4101,50,140,36,2600,136,1361
구로구,구로5동,837,18865,33,824,804,18041,31,423,1,16,30,407,5,489,-,-,2,401,3,88,801,17953,451,802,99,9233,251,7918
구로구,고척1동,479,12075,12,167,467,11908,9,72,-,-,9,72,4,151,-,-,3,95,1,56,466,11852,185,364,95,5355,186,6133
구로구,고척2동,1156,9547,25,438,1131,9109,20,159,-,-,20,159,5,279,-,-,5,279,-,-,1131,9109,718,1510,195,6269,218,1330
구로구,개봉2동,845,10265,14,102,831,10163,11,71,-,-,11,71,7,85,-,-,3,31,4,54,827,10109,313,550,378,8879,136,680
구로구,개봉3동,918,8032,23,295,895,7737,21,295,-,-,21,295,2,-,-,-,2,-,-,-,895,7737,374,865,374,5894,147,978
구로구,오류1동,559,8300,8,121,551,8179,4,8,-,-,4,8,10,243,-,-,4,113,6,130,545,8049,178,344,190,4379,177,3326
구로구,수궁동,778,9864,16,260,762,9604,14,219,2,80,12,139,5,77,-,-,2,41,3,36,759,9568,127,330,388,6385,244,2853
구로구,가리봉동,357,2620,7,266,350,2354,4,59,-,-,4,59,7,324,-,-,3,207,4,117,346,2237,103,211,90,835,153,1191
구로구,구로2동,1152,16305,33,479,1119,15826,29,371,1,18,28,353,8,169,-,-,4,108,4,61,1115,15765,529,964,221,3560,365,11241
구로구,개봉1동,1014,12330,57,587,957,11743,56,397,-,-,56,397,1,190,-,-,1,190,-,-,957,11743,355,769,303,9248,299,1726
구로구,오류2동,579,17390,9,412,570,16978,8,84,-,-,8,84,7,498,1,328,-,-,6,170,564,16808,176,421,182,12841,206,3546
구로구,항동,109,8752,-,-,109,8752,-,-,-,-,-,-,-,-,-,-,-,-,-,-,109,8752,4,12,42,6598,63,2142
금천구,소계,9209,139148,69,3715,9140,135433,19,2006,2,58,17,1948,63,2047,1,128,49,1581,13,338,9127,135095,4121,8827,2684,53485,2322,72783
금천구,가산동,806,53019,8,685,798,52334,5,322,1,37,4,285,5,494,-,-,3,363,2,131,796,52203,107,218,306,7923,383,44062
금천구,독산1동,1012,26177,8,439,1004,25738,6,368,1,21,5,347,3,80,-,-,2,71,1,9,1003,25729,210,508,286,14148,507,11073
금천구,독산2동,1152,5346,7,349,1145,4997,1,188,-,-,1,188,7,167,-,-,6,161,1,6,1144,4991,650,1317,321,2466,173,1208
금천구,독산3동,1387,9885,7,419,1380,9466,1,252,-,-,1,252,9,240,-,-,6,167,3,73,1377,9393,655,1519,434,4981,288,2893
금천구,독산4동,1114,5312,5,300,1109,5012,1,191,-,-,1,191,7,197,-,-,4,109,3,88,1106,4924,654,1393,268,2187,184,1344
금천구,시흥1동,1317,14115,5,307,1312,13808,1,186,-,-,1,186,5,132,-,-,4,121,1,11,1311,13797,660,1380,301,6935,350,5482
금천구,시흥2동,112,7585,3,73,109,7512,1,15,-,-,1,15,2,58,-,-,2,58,-,-,109,7512,42,56,26,5344,41,2112
금천구,시흥3동,517,6325,2,132,515,6193,1,88,-,-,1,88,2,59,-,-,1,44,1,15,514,6178,175,641,209,2778,130,2759
금천구,시흥4동,940,6300,13,672,927,5628,1,204,-,-,1,204,12,468,1,128,11,340,-,-,927,5628,531,1070,290,3715,106,843
금천구,시흥5동,852,5084,11,339,841,4745,1,192,-,-,1,192,11,152,-,-,10,147,1,5,840,4740,437,725,243,3008,160,1007
영등포구,소계,10105,203359,1987,9481,8118,193878,1954,5386,9,233,1945,5153,52,4911,3,943,30,3152,19,816,8099,193062,3880,8672,1555,80793,2664,103597
영등포구,여의동,263,50360,31,937,232,49423,31,937,3,145,28,792,-,-,-,-,-,-,-,-,232,49423,-,-,26,10912,206,38511
영등포구,당산1동,448,10582,144,1056,304,9526,138,275,-,-,138,275,7,865,2,373,4,408,1,84,303,9442,43,171,39,4174,221,5097
영등포구,당산2동,424,15902,78,203,346,15699,77,172,1,23,76,149,2,115,-,-,1,31,1,84,345,15615,64,293,90,10205,191,5117
영등포구,양평1동,372,10939,109,754,263,10185,108,357,-,-,108,357,1,397,-,-,1,397,-,-,263,10185,44,332,36,2878,183,6975
영등포구,양평2동,426,11720,59,449,367,11271,58,356,1,6,57,350,1,93,-,-,1,93,-,-,367,11271,69,271,132,5752,166,5248
영등포구,신길1동,797,6205,84,363,713,5842,82,205,-,-,82,205,2,158,-,-,2,158,-,-,713,5842,453,1000,141,2815,119,2027
영등포구,신길3동,336,5215,97,262,239,4953,96,117,-,-,96,117,1,145,-,-,1,145,-,-,239,4953,129,300,38,3594,72,1059
영등포구,신길4동,179,2932,48,208,131,2724,46,55,-,-,46,55,2,153,-,-,2,153,-,-,131,2724,75,175,28,2168,28,381
영등포구,신길5동,562,2592,125,357,437,2235,124,331,-,-,124,331,1,26,-,-,1,26,-,-,437,2235,316,551,71,1097,50,587
영등포구,신길6동,566,8537,55,299,511,8238,54,170,-,-,54,170,2,143,-,-,1,129,1,14,510,8224,198,460,181,3249,131,4515
영등포구,신길7동,245,6197,70,144,175,6053,69,127,1,20,68,107,1,17,-,-,1,17,-,-,175,6053,89,252,30,4036,56,1765
영등포구,대림1동,879,5788,31,401,848,5387,29,48,-,-,29,48,2,353,-,-,2,353,-,-,848,5387,643,1246,94,2806,111,1335
영등포구,대림2동,1202,4955,58,301,1144,4654,57,150,-,-,57,150,1,151,-,-,1,151,-,-,1144,4654,927,1617,111,2180,106,857
영등포구,대림3동,1350,8648,528,1067,822,7581,526,770,1,18,525,752,3,323,-,-,2,297,1,26,821,7555,400,1023,159,4501,262,2031
영등포구,영등포본동,402,7073,89,660,313,6413,86,307,-,-,86,307,6,416,-,-,3,353,3,63,310,6350,109,266,129,4024,72,2060
영등포구,영등포동,622,20184,107,1235,515,18949,102,343,1,10,101,333,16,1387,1,570,4,322,11,495,504,18454,27,125,69,4051,408,14278
영등포구,도림동,667,6339,108,240,559,6099,107,214,-,-,107,214,2,76,-,-,1,26,1,50,558,6049,291,577,143,3455,124,2017
영등포구,문래동,365,19191,166,545,199,18646,164,452,1,11,163,441,2,93,-,-,2,93,-,-,199,18646,3,13,38,8896,158,9737
동작구,소계,8769,137661,117,3336,8652,134325,81,2337,-,-,81,2337,67,1905,1,64,35,935,31,906,8621,133419,3894,9089,3080,97380,1647,26950
동작구,노량진2동,145,3051,4,241,141,2810,3,155,-,-,3,155,5,189,-,-,1,86,4,103,137,2707,54,136,38,308,45,2263
동작구,상도1동,991,16684,6,164,985,16520,5,146,-,-,5,146,1,18,-,-,1,18,-,-,985,16520,331,871,347,12742,307,2907
동작구,상도2동,428,13047,8,165,420,12882,7,160,-,-,7,160,5,148,-,-,1,5,4,143,416,12739,143,357,164,11128,109,1254
동작구,상도3동,956,6020,13,311,943,5709,6,138,-,-,6,138,10,256,-,-,7,173,3,83,940,5626,434,948,434,4158,72,520
동작구,상도4동,1187,7252,6,309,1181,6943,3,231,-,-,3,231,5,108,-,-,3,78,2,30,1179,6913,636,1339,476,5086,67,488
동작구,사당1동,1031,6402,6,186,1025,6216,5,181,-,-,5,181,3,48,-,-,1,5,2,43,1023,6173,512,1301,331,2904,180,1968
동작구,사당3동,319,8752,6,206,313,8546,5,191,-,-,5,191,2,27,-,-,1,15,1,12,312,8534,140,333,117,7235,55,966
동작구,사당4동,584,3804,6,261,578,3543,2,220,-,-,2,220,6,124,-,-,4,41,2,83,576,3460,301,626,234,2627,41,207
동작구,사당5동,326,5588,7,255,319,5333,6,209,-,-,6,209,1,46,-,-,1,46,-,-,319,5333,169,452,112,4672,38,209
동작구,대방동,743,11523,15,298,728,11225,12,244,-,-,12,244,7,195,-,-,3,54,4,141,724,11084,262,639,295,8114,167,2331
동작구,신대방1동,389,5897,6,201,383,5696,4,136,-,-,4,136,2,65,-,-,2,65,-,-,383,5696,239,475,88,4609,56,612
동작구,신대방2동,516,12756,9,238,507,12518,6,102,-,-,6,102,5,189,1,64,2,72,2,53,505,12465,268,649,162,7963,75,3853
동작구,흑석동,293,16126,9,148,284,15978,6,53,-,-,6,53,8,267,-,-,3,95,5,172,279,15806,123,339,87,11107,69,4360
동작구,노량진1동,450,11784,5,52,445,11732,4,48,-,-,4,48,3,47,-,-,1,4,2,43,443,11689,127,264,71,7495,245,3930
동작구,사당2동,411,8975,11,301,400,8674,7,123,-,-,7,123,4,178,-,-,4,178,-,-,400,8674,155,360,124,7232,121,1082
관악구,소계,20446,153960,59,6970,20387,146990,30,5292,1,62,29,5230,53,2346,2,91,27,1587,24,668,20363,146322,10602,23874,4697,80247,5064,42201
관악구,보라매동,1161,8659,3,414,1158,8245,1,133,-,-,1,133,3,300,-,-,2,281,1,19,1157,8226,663,1532,334,4787,160,1907
관악구,청림동,103,4182,1,65,102,4117,1,65,-,-,1,65,1,15,-,-,-,-,1,15,101,4102,50,118,29,3772,22,212
관악구,행운동,1199,8846,1,195,1198,8651,1,195,-,-,1,195,1,23,-,-,-,-,1,23,1197,8628,643,1502,258,4801,296,2325
관악구,낙성대동,848,7295,3,269,845,7026,2,263,-,-,2,263,2,71,-,-,1,6,1,65,844,6961,437,1047,133,2106,274,3808
관악구,중앙동,650,4599,2,203,648,4396,1,197,-,-,1,197,1,6,-,-,1,6,-,-,648,4396,318,690,164,1820,166,1886
관악구,인헌동,1181,6813,4,421,1177,6392,2,408,-,-,2,408,2,13,-,-,2,13,-,-,1177,6392,494,1251,430,3592,253,1549
관악구,남현동,821,7589,2,297,819,7292,1,271,-,-,1,271,2,89,-,-,1,26,1,63,818,7229,351,924,297,4018,170,2287
관악구,서원동,1196,6791,2,159,1194,6632,2,159,-,-,2,159,1,45,-,-,-,-,1,45,1193,6587,627,1617,358,2826,208,2144
관악구,신원동,1074,3668,2,215,1072,3453,2,215,-,-,2,215,2,45,-,-,-,-,2,45,1070,3408,732,1443,176,1237,162,728
관악구,서림동,1075,5825,1,220,1074,5605,1,220,-,-,1,220,-,-,-,-,-,-,-,-,1074,5605,513,1247,193,2251,368,2107
관악구,신사동,1856,6735,7,660,1849,6075,1,388,-,-,1,388,7,292,1,60,5,212,1,20,1848,6055,1345,2757,227,1789,276,1509
관악구,신림동,1069,6791,5,557,1064,6234,4,373,1,62,3,311,3,228,-,-,1,184,2,44,1062,6190,326,886,179,1614,557,3690
관악구,난향동,308,5626,1,171,307,5455,1,171,-,-,1,171,-,-,-,-,-,-,-,-,307,5455,205,296,66,4726,36,433
관악구,조원동,1074,7215,5,512,1069,6703,2,359,-,-,2,359,5,198,1,31,2,122,2,45,1067,6658,605,1390,166,2613,296,2655
관악구,대학동,1291,7680,1,200,1290,7480,1,200,-,-,1,200,1,18,-,-,-,-,1,18,1289,7462,511,1207,88,2080,690,4175
관악구,은천동,1058,11107,2,438,1056,10669,1,422,-,-,1,422,2,58,-,-,1,16,1,42,1055,10627,470,1107,350,7847,235,1673
관악구,성현동,374,11815,1,54,373,11761,1,54,-,-,1,54,2,46,-,-,-,-,2,46,371,11715,130,331,156,10597,85,787
관악구,청룡동,1218,10372,4,545,1214,9827,1,372,-,-,1,372,5,235,-,-,3,173,2,62,1212,9765,631,1426,207,3332,374,5007
관악구,난곡동,1165,6325,3,538,1162,5787,1,355,-,-,1,355,3,210,-,-,2,183,1,27,1161,5760,626,1294,421,3602,114,864
관악구,삼성동,449,5988,4,346,445,5642,2,110,-,-,2,110,4,284,-,-,2,236,2,48,443,5594,271,416,94,4549,78,629
관악구,미성동,1276,10039,5,491,1271,9548,1,362,-,-,1,362,6,170,-,-,4,129,2,41,1269,9507,654,1393,371,6288,244,1826
서초구,소계,14690,310949,769,7292,13921,303657,719,4556,1,47,718,4509,111,8444,1,183,49,2553,61,5708,13860,297949,3236,11798,2907,123559,7717,162592
서초구,서초1동,1130,20030,76,630,1054,19400,70,524,-,-,70,524,14,635,-,-,6,106,8,529,1046,18871,298,1036,141,7655,607,10180
서초구,서초2동,506,27793,16,175,490,27618,12,157,-,-,12,157,8,262,-,-,4,18,4,244,486,27374,75,265,59,6301,352,20808
서초구,서초3동,1651,36164,65,419,1586,35745,63,392,-,-,63,392,13,385,-,-,2,27,11,358,1575,35387,173,782,163,8900,1239,25705
서초구,서초4동,252,21017,2,4,250,21013,2,4,-,-,2,4,3,126,-,-,-,-,3,126,247,20887,18,85,21,14203,208,6599
서초구,잠원동,613,13664,26,249,587,13415,23,123,-,-,23,123,8,191,-,-,3,126,5,65,582,13350,136,544,81,6570,365,6236
서초구,반포본동,9,691,1,47,8,644,1,47,1,47,-,-,-,-,-,-,-,-,-,-,8,644,-,-,-,-,8,644
서초구,반포1동,830,17294,44,362,786,16932,39,154,-,-,39,154,7,239,-,-,5,208,2,31,784,16901,314,1369,163,9471,307,6061
서초구,반포2동,21,9473,1,164,20,9309,-,-,-,-,-,-,1,164,-,-,1,164,-,-,20,9309,-,-,5,5479,15,3830
서초구,반포3동,54,11136,2,10,52,11126,2,10,-,-,2,10,-,-,-,-,-,-,-,-,52,11126,3,38,15,3676,34,7412
서초구,반포4동,769,19332,39,526,730,18806,33,201,-,-,33,201,8,364,-,-,6,325,2,39,728,18767,107,487,313,7285,308,10995
서초구,방배본동,859,12483,48,520,811,11963,46,316,-,-,46,316,5,278,-,-,2,204,3,74,808,11889,226,838,204,6569,378,4482
서초구,방배1동,1003,9809,41,324,962,9485,38,165,-,-,38,165,6,244,-,-,3,159,3,85,959,9400,309,1091,228,4946,422,3363
서초구,방배2동,1162,10052,45,738,1117,9314,42,475,-,-,42,475,5,287,1,183,2,80,2,24,1115,9290,394,1121,192,3922,529,4247
서초구,방배3동,815,13608,39,266,776,13342,39,266,-,-,39,266,1,67,-,-,-,-,1,67,775,13275,94,288,179,7169,502,5818
서초구,방배4동,1357,13476,57,550,1300,12926,56,441,-,-,56,441,2,121,-,-,1,109,1,12,1299,12914,360,1120,320,7192,619,4602
서초구,양재1동,1455,31702,111,652,1344,31050,111,652,-,-,111,652,5,105,-,-,-,-,5,105,1339,30945,315,1131,309,15793,715,14021
서초구,양재2동,1683,32216,154,1588,1529,30628,142,629,-,-,142,629,22,4722,-,-,12,959,10,3763,1519,26865,229,1042,505,4343,785,21480
서초구,내곡동,521,11009,2,68,519,10941,-,-,-,-,-,-,3,254,-,-,2,68,1,186,518,10755,185,561,9,4085,324,6109
강남구,소계,20566,413898,160,13087,20406,400811,126,8242,4,95,122,8147,141,8283,5,918,29,3927,107,3438,20299,397373,5863,22107,4397,176570,10039,198696
강남구,신사동,1176,16304,8,1164,1168,15140,7,980,2,38,5,942,7,227,-,-,1,184,6,43,1162,15097,266,971,102,4958,794,9168
강남구,개포3동,29,6083,2,200,27,5883,1,38,-,-,1,38,1,162,-,-,1,162,-,-,27,5883,-,-,10,4408,17,1475
강남구,논현1동,2129,21536,4,896,2125,20640,2,622,-,-,2,622,16,710,-,-,2,274,14,436,2111,20204,690,3019,468,5562,953,11623
강남구,논현2동,2096,24924,6,798,2090,24126,6,798,-,-,6,798,3,248,-,-,-,-,3,248,2087,23878,632,2183,405,7191,1050,14504
강남구,삼성1동,795,20674,7,647,788,20027,6,581,-,-,6,581,14,772,-,-,1,66,13,706,775,19321,165,502,157,5589,453,13230
강남구,삼성2동,1161,24425,4,415,1157,24010,3,325,-,-,3,325,5,215,-,-,1,90,4,125,1153,23885,348,1410,347,15008,458,7467
강남구,대치1동,129,14116,4,88,125,14028,4,88,-,-,4,88,2,91,-,-,-,-,2,91,123,13937,19,54,24,11523,80,2360
강남구,대치4동,1300,16756,7,472,1293,16284,5,252,-,-,5,252,3,260,-,-,2,220,1,40,1292,16244,412,1730,404,5105,476,9409
강남구,역삼1동,3162,46901,10,1161,3152,45740,7,721,-,-,7,721,27,959,-,-,3,440,24,519,3128,45221,918,4301,604,6959,1606,33961
강남구,역삼2동,1464,32980,4,285,1460,32695,3,266,-,-,3,266,6,133,-,-,1,19,5,114,1455,32581,413,1885,378,13886,664,16810
강남구,도곡1동,458,13319,3,399,455,12920,2,196,-,-,2,196,2,216,-,-,1,203,1,13,454,12907,87,374,123,7704,244,4829
강남구,도곡2동,344,25404,2,231,342,25173,1,215,-,-,1,215,5,113,-,-,1,16,4,97,338,25076,39,121,47,12740,252,12215
강남구,개포1동,31,3332,2,218,29,3114,-,-,-,-,-,-,2,218,-,-,2,218,-,-,29,3114,3,3,20,1595,6,1516
강남구,개포4동,1025,7438,4,978,1021,6460,1,660,-,-,1,660,7,374,-,-,3,318,4,56,1017,6404,185,652,378,2604,454,3148
강남구,일원본동,132,11775,3,122,129,11653,1,44,-,-,1,44,3,158,2,78,-,-,1,80,128,11573,91,287,8,5586,29,5700
강남구,일원1동,913,5810,6,1086,907,4724,3,513,-,-,3,513,3,573,-,-,3,573,-,-,907,4724,620,1730,149,951,138,2043
강남구,수서동,116,8415,3,731,113,7684,1,71,-,-,1,71,2,660,2,660,-,-,-,-,113,7684,33,79,12,3156,68,4449
강남구,세곡동,725,21737,4,217,721,21520,2,7,-,-,2,7,5,308,-,-,2,210,3,98,718,21422,454,1115,136,14169,128,6138
강남구,압구정동,997,21948,5,739,992,21209,4,396,1,18,3,378,7,470,-,-,1,343,6,127,986,21082,24,58,157,11071,805,9953
강남구,청담동,1559,26910,7,1026,1552,25884,6,801,-,-,6,801,9,523,-,-,1,225,8,298,1544,25586,336,1206,309,11253,899,13127
강남구,대치2동,618,27402,11,1016,607,26386,8,615,1,39,7,576,10,711,1,180,2,221,7,310,600,26076,96,341,109,12394,395,13341
강남구,개포2동,207,15709,54,198,153,15511,53,53,-,-,53,53,2,182,-,-,1,145,1,37,152,15474,32,86,50,13158,70,2230
송파구,소계,22745,339227,547,16802,22198,322425,488,12253,1,28,487,12225,87,5693,3,911,56,3638,28,1144,22170,321281,7606,19788,8579,195897,5985,105596
송파구,풍납1동,1162,5641,50,1446,1112,4195,30,541,-,-,30,541,20,905,-,-,20,905,-,-,1112,4195,863,490,102,1980,147,1725
송파구,풍납2동,931,15038,41,1169,890,13869,29,551,-,-,29,551,12,618,-,-,12,618,-,-,890,13869,473,709,168,5345,249,7815
송파구,거여1동,753,4289,20,591,733,3698,19,590,-,-,19,590,1,1,-,-,1,1,-,-,733,3698,378,322,168,2398,187,978
송파구,거여2동,527,11775,17,487,510,11288,15,355,-,-,15,355,2,132,-,-,2,132,-,-,510,11288,304,235,98,9712,108,1341
송파구,마천1동,1420,6255,28,879,1392,5376,23,403,-,-,23,403,8,586,-,-,5,476,3,110,1389,5266,904,543,306,3615,179,1108
송파구,마천2동,1482,5296,30,1168,1452,4128,29,1026,-,-,29,1026,1,142,-,-,1,142,-,-,1452,4128,807,528,358,2705,287,895
송파구,방이1동,726,7152,23,725,703,6427,22,664,-,-,22,664,2,76,-,-,1,61,1,15,702,6412,122,266,308,4116,272,2030
송파구,방이2동,1609,14183,33,416,1576,13767,33,416,-,-,33,416,2,26,-,-,-,-,2,26,1574,13741,369,889,753,5678,452,7174
송파구,오륜동,82,7021,1,44,81,6977,1,44,-,-,1,44,1,22,-,-,-,-,1,22,80,6955,-,-,1,4453,79,2502
송파구,오금동,1483,16772,30,1921,1453,14851,30,1921,-,-,30,1921,1,14,-,-,-,-,1,14,1452,14837,368,707,610,10461,474,3669
송파구,송파1동,1657,11156,36,749,1621,10407,34,341,-,-,34,341,5,486,-,-,2,408,3,78,1618,10329,420,1022,843,6643,355,2664
송파구,송파2동,496,7959,11,289,485,7670,11,289,-,-,11,289,1,50,-,-,-,-,1,50,484,7620,126,229,204,6072,154,1319
송파구,석촌동,2248,14710,48,756,2200,13954,45,634,-,-,45,634,7,223,-,-,3,122,4,101,2196,13853,515,1353,1175,8549,506,3951
송파구,삼전동,1996,12320,33,610,1963,11710,31,412,-,-,31,412,5,253,-,-,2,198,3,55,1960,11655,436,1438,1179,7682,345,2535
송파구,가락본동,1084,14520,26,976,1058,13544,26,976,-,-,26,976,2,140,-,-,-,-,2,140,1056,13404,231,451,365,7037,460,5916
송파구,가락1동,60,15237,-,-,60,15237,-,-,-,-,-,-,1,29,-,-,-,-,1,29,59,15208,50,75,2,12847,7,2286
송파구,가락2동,1047,12780,28,913,1019,11867,28,913,-,-,28,913,1,16,-,-,-,-,1,16,1018,11851,247,477,441,9258,330,2116
송파구,문정1동,864,9330,21,934,843,8396,19,544,-,-,19,544,3,400,-,-,2,390,1,10,842,8386,190,390,361,6306,291,1690
송파구,문정2동,91,28046,2,36,89,28010,2,36,-,-,2,36,3,467,-,-,-,-,3,467,86,27543,5,8,2,5646,79,21889
송파구,잠실본동,1914,13187,39,659,1875,12528,39,659,-,-,39,659,-,-,-,-,-,-,-,-,1875,12528,512,1461,826,6467,537,4600
송파구,잠실4동,13,9925,-,-,13,9925,-,-,-,-,-,-,-,-,-,-,-,-,-,-,13,9925,-,-,1,9766,12,159
송파구,잠실6동,60,16454,6,690,54,15764,3,121,1,28,2,93,3,569,2,549,1,20,-,-,54,15764,2,-,9,6845,43,8919
송파구,잠실7동,93,1829,1,115,92,1714,-,-,-,-,-,-,1,115,-,-,1,115,-,-,92,1714,69,107,1,1379,22,228
송파구,잠실2동,28,23732,-,-,28,23732,-,-,-,-,-,-,-,-,-,-,-,-,-,-,28,23732,1,7712,2,15588,25,432
송파구,잠실3동,57,19193,3,50,54,19143,-,-,-,-,-,-,3,50,-,-,3,50,-,-,54,19143,-,-,4,13423,50,5720
송파구,장지동,813,27829,20,1179,793,26650,19,817,-,-,19,817,1,362,1,362,-,-,-,-,793,26650,197,342,285,15963,311,10345
송파구,위례동,49,7598,-,-,49,7598,-,-,-,-,-,-,1,11,-,-,-,-,1,11,48,7587,17,34,7,5963,24,1590
강동구,소계,15517,209959,39,10000,15478,199959,22,6980,-,-,22,6980,29,3407,3,1538,14,1482,12,387,15466,199572,7039,16011,3901,130687,4526,52874
강동구,명일1동,488,13614,2,512,486,13102,1,271,-,-,1,271,1,241,-,-,1,241,-,-,486,13102,162,500,119,9990,205,2612
강동구,명일2동,314,6628,4,150,310,6478,3,139,-,-,3,139,1,11,1,11,-,-,-,-,310,6478,174,512,37,5123,99,843
강동구,고덕1동,648,11848,1,284,647,11564,1,284,-,-,1,284,-,-,-,-,-,-,-,-,647,11564,529,963,62,9761,56,840
강동구,고덕2동,1028,11651,3,476,1025,11175,1,423,-,-,1,423,3,116,-,-,2,53,1,63,1024,11112,835,1203,52,8753,137,1156
강동구,암사2동,342,7056,1,166,341,6890,1,166,-,-,1,166,1,63,-,-,-,-,1,63,340,6827,112,268,82,4760,146,1799
강동구,암사3동,293,8124,1,186,292,7938,1,186,-,-,1,186,1,22,-,-,-,-,1,22,291,7916,161,384,63,6676,67,856
강동구,천호1동,1327,9974,3,649,1324,9325,1,434,-,-,1,434,4,265,-,-,2,215,2,50,1322,9275,675,1456,391,4151,256,3668
강동구,천호3동,1027,11090,3,664,1024,10426,1,294,-,-,1,294,3,385,-,-,2,370,1,15,1023,10411,267,606,182,7278,574,2527
강동구,성내1동,792,10876,1,695,791,10181,1,695,-,-,1,695,3,102,-,-,-,-,3,102,788,10079,148,498,281,3771,359,5810
강동구,성내2동,1278,7869,3,608,1275,7261,1,408,-,-,1,408,3,225,-,-,2,200,1,25,1274,7236,557,1272,273,2231,444,3733
강동구,성내3동,1241,10656,2,666,1239,9990,1,648,-,-,1,648,2,43,-,-,1,18,1,25,1238,9965,498,1478,462,3862,278,4625
강동구,둔촌1동,16,193,-,-,16,193,-,-,-,-,-,-,-,-,-,-,-,-,-,-,16,193,3,1,-,-,13,192
강동구,둔촌2동,879,11512,1,438,878,11074,1,438,-,-,1,438,-,-,-,-,-,-,-,-,878,11074,321,869,241,6826,316,3379
강동구,암사1동,1807,11699,4,634,1803,11065,2,423,-,-,2,423,3,233,1,97,1,114,1,22,1802,11043,835,1579,602,4284,365,5180
강동구,천호2동,1673,16529,5,2557,1668,13972,2,946,-,-,2,946,3,1611,1,1430,2,181,-,-,1668,13972,738,1760,445,8244,485,3968
강동구,길동,1734,17661,1,825,1733,16836,1,825,-,-,1,825,-,-,-,-,-,-,-,-,1733,16836,714,2023,511,8305,508,6508
강동구,강일동,103,16089,3,226,100,15863,2,136,-,-,2,136,1,90,-,-,1,90,-,-,100,15863,2,28,21,13829,77,2006
강동구,상일1동,501,19552,1,264,500,19288,1,264,-,-,1,264,-,-,-,-,-,-,-,-,500,19288,308,611,71,15791,121,2886
강동구,상일2동,26,7338,-,-,26,7338,-,-,-,-,-,-,-,-,-,-,-,-,-,-,26,7338,-,-,6,7052,20,286
