연분기,행정동코드,동이름,총유동인구수
20221,11290630,정릉2동,5962774
20221,11290640,정릉3동,2989513
20221,11290650,정릉4동,3387907
20221,11290660,길음1동,6543237
20221,11290685,길음2동,4618415
20221,11290705,종암동,10955670
20221,11290715,월곡1동,7032896
20221,11290725,월곡2동,6237100
20221,11290760,장위1동,6999341
20221,11290770,장위2동,5030450
20221,11290780,장위3동,2391999
20221,11290810,석관동,10062873
20221,11305534,삼양동,12180015
20221,11305535,미아동,7454425
20221,11305545,송중동,12633692
20221,11305555,송천동,12738608
20221,11305575,삼각산동,3363884
20221,11305595,번1동,7079291
20221,11305603,번2동,3542107
20221,11305608,번3동,3660414
20221,11305615,수유1동,6741933
20221,11305625,수유2동,6283647
20221,11305635,수유3동,10654557
20221,11305645,우이동,4170549
20221,11305660,인수동,9367179
20221,11320511,창1동,4722612
20221,11320512,창2동,10486143
20221,11320513,창3동,4153623
20221,11320514,창4동,3697648
20221,11320515,창5동,4555767
20221,11320521,도봉1동,3776409
20221,11320522,도봉2동,3600088
20221,11320660,쌍문1동,5192720
20221,11320670,쌍문2동,4513348
20221,11320680,쌍문3동,5195528
20221,11320681,쌍문4동,3075115
20221,11320690,방학1동,7219773
20221,11320700,방학2동,3099673
20221,11320710,방학3동,3696217
20221,11350560,월계1동,5023628
20221,11350570,월계2동,4042892
20221,11350580,월계3동,2883261
20221,11350595,공릉1동,11518654
20221,11350600,공릉2동,7902971
20221,11350611,하계1동,3812631
20221,11350612,하계2동,2930802
20221,11350619,중계본동,4373887
20221,11350621,중계1동,4258648
20221,11350624,중계4동,3099970
20221,11350625,중계2?3동,4614436
20221,11350630,상계1동,7786893
20221,11350640,상계2동,11236425
20221,11350665,상계3?4동,8670137
20221,11350670,상계5동,6910620
20221,11350695,상계6?7동,6639462
20221,11350700,상계8동,952758
20221,11350710,상계9동,1985115
20221,11350720,상계10동,2001274
20221,11380510,녹번동,7361715
20221,11380520,불광1동,6005641
20221,11380530,불광2동,6031006
20221,11380551,갈현1동,7967560
20221,11380552,갈현2동,6533057
20221,11380560,구산동,5590110
20221,11380570,대조동,10298654
20221,11380580,응암1동,6298106
20221,11380590,응암2동,3750117
20221,11380600,응암3동,7656970
20221,11380625,역촌동,13081272
20221,11380631,신사1동,6815661
20221,11380632,신사2동,3715492
20221,11380640,증산동,3261881
20221,11380650,수색동,1616943
20221,11380690,진관동,7641229
20221,11410520,천연동,4156041
20221,11410555,북아현동,16197860
20221,11410565,충현동,9883004
20221,11410585,신촌동,9695235
20221,11410615,연희동,8631034
20221,11410620,홍제1동,5856107
20221,11410640,홍제3동,4213451
20221,11410655,홍제2동,2791715
20221,11410660,홍은1동,3895420
20221,11410685,홍은2동,4579117
20221,11410690,남가좌1동,1127199
20221,11410700,남가좌2동,5888602
20221,11410710,북가좌1동,2904309
20221,11410720,북가좌2동,13695532
20221,11440555,아현동,6074686
20221,11440565,공덕동,14056034
20221,11440585,도화동,3889125
20221,11440590,용강동,7359856
20221,11440600,대흥동,7325154
20221,11440610,염리동,3365752
20221,11440630,신수동,5562192
20221,11440655,서강동,6024989
20221,11440660,서교동,15454356
20221,11440680,합정동,5369335
20221,11440690,망원1동,7130604
20221,11440700,망원2동,6380099
20221,11440710,연남동,6805240
20221,11440720,성산1동,6295800
20221,11440730,성산2동,7535517
20221,11440740,상암동,5094792
20221,11470510,목1동,5241930
20221,11470520,목2동,7460396
20221,11470530,목3동,4910399
20221,11470540,목4동,6132136
20221,11470550,목5동,4996205
20221,11470560,신월1동,4525591
20221,11470570,신월2동,4419350
20221,11470580,신월3동,2998233
20221,11470590,신월4동,3466225
20221,11470600,신월5동,1988706
20221,11470610,신월6동,1082712
20221,11470611,신월7동,2177857
20221,11470620,신정1동,3987508
20221,11470630,신정2동,3791650
20221,11470640,신정3동,7439277
20221,11470650,신정4동,10814253
20221,11470670,신정6동,2236511
20221,11470680,신정7동,3333059
20221,11500510,염창동,8393946
20221,11500520,등촌1동,5674412
20221,11500530,등촌2동,3902583
20221,11500535,등촌3동,6766364
20221,11500540,화곡1동,16683095
20221,11500550,화곡2동,3562788
20221,11500560,화곡3동,3847126
20221,11500570,화곡4동,4662375
20221,11500590,화곡본동,8908745
20221,11500591,화곡6동,5162412
20221,11500593,화곡8동,7919315
20221,11500603,가양1동,3578127
20221,11500604,가양2동,2073862
20221,11500605,가양3동,1673800
20221,11500611,발산1동,5495476
20221,11500615,우장산동,6533428
20221,11500620,공항동,5901273
20221,11500630,방화1동,7595315
20221,11500640,방화2동,4779614
20221,11500641,방화3동,3140668
20221,11530510,신도림동,6209823
20221,11530520,구로1동,2174719
20221,11530530,구로2동,9180599
20221,11530540,구로3동,7024556
20221,11530550,구로4동,7093746
20221,11530560,구로5동,6751342
20221,11530595,가리봉동,3240399
20221,11530720,고척1동,4562820
20221,11530730,고척2동,6047461
20221,11530740,개봉1동,7857987
20221,11530750,개봉2동,3944309
20221,11530760,개봉3동,3812725
20221,11530770,오류1동,3751304
20221,11530780,오류2동,5511581
20221,11530790,수궁동,1838777
20221,11530800,항동,907549
20221,11545510,가산동,4893747
20221,11545610,독산1동,4711146
20221,11545620,독산2동,4055375
20221,11545630,독산3동,6118377
20221,11545640,독산4동,3837607
20221,11545670,시흥1동,5866944
20221,11545680,시흥2동,1747626
20221,11545690,시흥3동,1360935
20221,11545700,시흥4동,2595513
20221,11545710,시흥5동,3841014
20221,11560515,영등포본동,7030113
20221,11560535,영등포동,10305885
20221,11560540,여의동,5688084
20221,11560550,당산1동,6922920
20221,11560560,당산2동,8286739
20221,11560585,도림동,5520563
20221,11560605,문래동,9211210
20221,11560610,양평1동,5549614
20221,11560620,양평2동,5298646
20221,11560630,신길1동,6066244
20221,11560650,신길3동,6315720
20221,11560660,신길4동,3087115
20221,11560670,신길5동,2443366
20221,11560680,신길6동,6277966
20221,11560690,신길7동,3365352
20221,11560700,대림1동,5102173
20221,11560710,대림2동,5232322
20221,11560720,대림3동,7587901
20221,11590510,노량진1동,6761159
20221,11590520,노량진2동,3364995
20221,11590530,상도1동,8085187
20221,11590540,상도2동,5409569
20221,11590550,상도3동,5250194
20221,11590560,상도4동,6812305
20221,11590605,흑석동,7301094
20221,11590620,사당1동,7376000
20221,11590630,사당2동,7680424
20221,11590640,사당3동,5871545
20221,11590650,사당4동,3985210
20221,11590651,사당5동,3231413
20221,11590660,대방동,7317216
20221,11590670,신대방1동,3242992
20221,11590680,신대방2동,4680034
20221,11620525,보라매동,3646373
20221,11620545,청림동,3044669
20221,11620565,성현동,4868884
20221,11620575,행운동,7510807
20221,11620585,낙성대동,6199575
20221,11620595,청룡동,10865267
20221,11620605,은천동,8987288
20221,11620615,중앙동,6283463
20221,11620625,인헌동,6705945
20221,11620630,남현동,4494352
20221,11620645,서원동,6000957
20221,11620655,신원동,6524191
20221,11620665,서림동,5372689
20221,11620685,신사동,8244668
20221,11620695,신림동,10244809
20221,11620715,난향동,1529728
20221,11620725,조원동,6718291
20221,11620735,대학동,6247649
20221,11620745,삼성동,7769521
20221,11620765,미성동,5742744
20221,11620775,난곡동,6553933
20221,11650510,서초1동,7735067
20221,11650520,서초2동,6495544
20221,11650530,서초3동,12185008
20221,11650531,서초4동,6739934
20221,11650540,잠원동,6718823
20221,11650550,반포본동,238275
20221,11650560,반포1동,6837410
20221,11650570,반포2동,1371379
20221,11650580,반포3동,2539751
20221,11650581,반포4동,6154946
20221,11650590,방배본동,4876376
20221,11650600,방배1동,5192128
20221,11650610,방배2동,5094081
20221,11650620,방배3동,3107877
20221,11650621,방배4동,6579696
20221,11650651,양재1동,8312826
20221,11650652,양재2동,6027297
20221,11650660,내곡동,2326705
20221,11680510,신사동,6759645
20221,11680521,논현1동,10144458
20221,11680531,논현2동,10542559
20221,11680545,압구정동,7444306
20221,11680565,청담동,9573461
20221,11680580,삼성1동,4407949
20221,11680590,삼성2동,9536798
20221,11680600,대치1동,4783358
20221,11680610,대치2동,5952255
20221,11680630,대치4동,9916362
20221,11680640,역삼1동,20158554
20221,11680650,역삼2동,11378213
20221,11680655,도곡1동,7062262
20221,11680656,도곡2동,3977923
20221,11680660,개포1동,784464
20221,11680670,개포2동,1711967
20221,11680690,개포4동,3544133
20221,11680700,세곡동,3448597
20221,11680720,일원본동,2669742
20221,11680730,일원1동,3041007
20221,11680740,일원2동,1079072
20221,11680750,수서동,2232117
20221,11710510,풍납1동,4940047
20221,11710520,풍납2동,6829715
20221,11710531,거여1동,3451210
20221,11710532,거여2동,4127389
20221,11710540,마천1동,3822571
20221,11710550,마천2동,5868510
20221,11710561,방이1동,3639868
20221,11710562,방이2동,6234826
20221,11710566,오륜동,661445
20221,11710570,오금동,9941631
20221,11710580,송파1동,6613251
20221,11710590,송파2동,3361521
20221,11710600,석촌동,7371673
20221,11710610,삼전동,7187593
20221,11710620,가락본동,8254681
20221,11710631,가락1동,751477
20221,11710632,가락2동,6553627
20221,11710641,문정1동,4560761
20221,11710642,문정2동,2610968
20221,11710646,장지동,8545119
20221,11710647,위례동,3469064
20221,11710650,잠실본동,7657570
20221,11710670,잠실2동,1991379
20221,11710680,잠실3동,3251856
20221,11710690,잠실4동,1987448
20221,11710710,잠실6동,2389580
20221,11710720,잠실7동,648923
20221,11740515,강일동,4530690
20221,11740520,상일동,3190486
20221,11740530,명일1동,5453955
20221,11740540,명일2동,2161344
20221,11740550,고덕1동,3505906
20221,11740560,고덕2동,2346248
20221,11740570,암사1동,9020749
20221,11740580,암사2동,2481583
20221,11740590,암사3동,1512779
20221,11740600,천호1동,10637308
20221,11740610,천호2동,11200976
20221,11740620,천호3동,7835988
20221,11740640,성내1동,6188177
20221,11740650,성내2동,9147960
20221,11740660,성내3동,6800630
20221,11740685,길동,17161432
20221,11740690,둔촌1동,8156
20221,11740700,둔촌2동,7681249
20221,11110515,청운효자동,3627519
20221,11110530,사직동,3402653
20221,11110540,삼청동,821735
20221,11110550,부암동,1283546
20221,11110560,평창동,823714
20221,11110570,무악동,1859503
20221,11110580,교남동,3853931
20221,11110600,가회동,1255813
20221,11110615,종로1?2?3?4가동,12013656
20221,11110630,종로5?6가동,6168567
20221,11110640,이화동,3431620
20221,11110650,혜화동,8469184
20221,11110670,창신1동,2985441
20221,11110680,창신2동,5845525
20221,11110690,창신3동,1220959
20221,11110700,숭인1동,2210888
20221,11110710,숭인2동,5305428
20221,11140520,소공동,2332832
20221,11140540,회현동,3946732
20221,11140550,명동,4441054
20221,11140570,필동,2084156
20221,11140580,장충동,2100143
20221,11140590,광희동,5429807
20221,11140605,을지로동,4789733
20221,11140615,신당동,5806240
20221,11140625,다산동,4072270
20221,11140635,약수동,2328694
20221,11140645,청구동,3269723
20221,11140650,신당5동,4743028
20221,11140665,동화동,2472955
20221,11140670,황학동,6174659
20221,11140680,중림동,2155433
20221,11170510,후암동,4393223
20221,11170520,용산2가동,4919764
20221,11170530,남영동,2164338
20221,11170555,청파동,7669173
20221,11170560,원효로1동,5289436
20221,11170570,원효로2동,3988232
20221,11170580,효창동,4104390
20221,11170590,용문동,3027455
20221,11170625,한강로동,4882699
20221,11170630,이촌1동,5135110
20221,11170640,이촌2동,1858892
20221,11170650,이태원1동,2458747
20221,11170660,이태원2동,2846523
20221,11170685,한남동,6027435
20221,11170690,서빙고동,1993764
20221,11170700,보광동,4353112
20221,11200520,왕십리2동,4639702
20221,11200535,왕십리도선동,6172639
20221,11200540,마장동,5597592
20221,11200550,사근동,4063205
20221,11200560,행당1동,3878188
20221,11200570,행당2동,4903561
20221,11200580,응봉동,3075361
20221,11200590,금호1가동,4041581
20221,11200615,금호2?3가동,6738504
20221,11200620,금호4가동,3018820
20221,11200645,옥수동,3084897
20221,11200650,성수1가1동,3059536
20221,11200660,성수1가2동,5549629
20221,11200670,성수2가1동,5407268
20221,11200690,성수2가3동,5350939
20221,11200720,송정동,3426911
20221,11200790,용답동,3371728
20221,11215710,화양동,9321796
20221,11215730,군자동,5365511
20221,11215740,중곡1동,4088856
20221,11215750,중곡2동,5043000
20221,11215760,중곡3동,4869782
20221,11215770,중곡4동,7024905
20221,11215780,능동,2383544
20221,11215810,광장동,6128337
20221,11215820,자양1동,8481450
20221,11215830,자양2동,5532097
20221,11215840,자양3동,7343755
20221,11215847,자양4동,8027066
20221,11215850,구의1동,8689227
20221,11215860,구의2동,5627583
20221,11215870,구의3동,6761670
20221,11230536,용신동,14227402
20221,11230545,제기동,12183989
20221,11230560,전농1동,11158480
20221,11230570,전농2동,2599181
20221,11230600,답십리1동,7140851
20221,11230610,답십리2동,7342302
20221,11230650,장안1동,8844722
20221,11230660,장안2동,7484255
20221,11230705,청량리동,6109446
20221,11230710,회기동,4980832
20221,11230720,휘경1동,5474295
20221,11230730,휘경2동,5079630
20221,11230740,이문1동,8862960
20221,11230750,이문2동,4240604
20221,11260520,면목2동,6206844
20221,11260540,면목4동,5470900
20221,11260550,면목5동,2729855
20221,11260565,면목본동,10123527
20221,11260570,면목7동,7948026
20221,11260575,면목3?8동,6169855
20221,11260580,상봉1동,5300319
20221,11260590,상봉2동,7323409
20221,11260600,중화1동,5994408
20221,11260610,중화2동,8027729
20221,11260620,묵1동,7603744
20221,11260630,묵2동,6144818
20221,11260655,망우본동,10706850
20221,11260660,망우3동,4690144
20221,11260680,신내1동,5860904
20221,11260690,신내2동,2099907
20221,11290525,성북동,4301187
20221,11290555,삼선동,10047696
20221,11290575,동선동,8596879
20221,11290580,돈암1동,2876664
20221,11290590,돈암2동,3017650
20221,11290600,안암동,6236363
20221,11290610,보문동,5632820
20221,11290620,정릉1동,5146489
20222,11470530,목3동,4733570
20222,11470540,목4동,5940486
20222,11470550,목5동,4926309
20222,11470560,신월1동,4323470
20222,11470570,신월2동,4226934
20222,11470580,신월3동,2927559
20222,11470590,신월4동,3355147
20222,11470600,신월5동,2083359
20222,11470610,신월6동,996240
20222,11470611,신월7동,2170413
20222,11470620,신정1동,3730975
20222,11470630,신정2동,4064997
20222,11470640,신정3동,7752510
20222,11470650,신정4동,10780014
20222,11470670,신정6동,2030148
20222,11470680,신정7동,3165938
20222,11500510,염창동,8422009
20222,11500520,등촌1동,5497106
20222,11500530,등촌2동,3831056
20222,11500535,등촌3동,6923070
20222,11500540,화곡1동,16293622
20222,11500550,화곡2동,3432753
20222,11500560,화곡3동,3832300
20222,11500570,화곡4동,4523901
20222,11500590,화곡본동,8566857
20222,11500591,화곡6동,5114657
20222,11500593,화곡8동,7322588
20222,11500603,가양1동,3642401
20222,11500604,가양2동,2036711
20222,11500605,가양3동,1641953
20222,11500611,발산1동,5652017
20222,11500615,우장산동,6418819
20222,11500620,공항동,5822950
20222,11500630,방화1동,7432486
20222,11500640,방화2동,4857912
20222,11500641,방화3동,3144006
20222,11530510,신도림동,6277046
20222,11530520,구로1동,2201078
20222,11530530,구로2동,8983068
20222,11530540,구로3동,7236909
20222,11530550,구로4동,7010179
20222,11530560,구로5동,6742419
20222,11530595,가리봉동,3176527
20222,11530720,고척1동,4575679
20222,11530730,고척2동,5757151
20222,11530740,개봉1동,7614932
20222,11530750,개봉2동,3758098
20222,11530760,개봉3동,3966393
20222,11530770,오류1동,3748191
20222,11530780,오류2동,5195918
20222,11530790,수궁동,1840676
20222,11530800,항동,992424
20222,11545510,가산동,4996087
20222,11545610,독산1동,4607136
20222,11545620,독산2동,3829357
20222,11545630,독산3동,6027669
20222,11545640,독산4동,3706522
20222,11545670,시흥1동,5811227
20222,11545680,시흥2동,1760227
20222,11545690,시흥3동,1337993
20222,11545700,시흥4동,2605717
20222,11545710,시흥5동,3783565
20222,11560515,영등포본동,7084086
20222,11560535,영등포동,10884688
20222,11560540,여의동,6118422
20222,11560550,당산1동,6850579
20222,11560560,당산2동,8295545
20222,11560585,도림동,5238078
20222,11560605,문래동,9499864
20222,11560610,양평1동,5590533
20222,11560620,양평2동,5406953
20222,11560630,신길1동,5936041
20222,11560650,신길3동,6110252
20222,11560660,신길4동,2789358
20222,11560670,신길5동,3190152
20222,11560680,신길6동,6049218
20222,11560690,신길7동,3212325
20222,11560700,대림1동,4954260
20222,11560710,대림2동,5293924
20222,11560720,대림3동,7552932
20222,11590510,노량진1동,6732997
20222,11590520,노량진2동,3609576
20222,11590530,상도1동,8365427
20222,11590540,상도2동,5407759
20222,11590550,상도3동,5102052
20222,11590560,상도4동,5953563
20222,11590605,흑석동,7697366
20222,11590620,사당1동,7574671
20222,11590630,사당2동,7909464
20222,11590640,사당3동,5684612
20222,11590650,사당4동,3675440
20222,11590651,사당5동,3533964
20222,11590660,대방동,7246821
20222,11590670,신대방1동,3177251
20222,11590680,신대방2동,4840195
20222,11620525,보라매동,3606268
20222,11620545,청림동,3014077
20222,11620565,성현동,4586961
20222,11620575,행운동,7402133
20222,11620585,낙성대동,6213066
20222,11620595,청룡동,10887802
20222,11620605,은천동,8881603
20222,11620615,중앙동,6046591
20222,11620625,인헌동,6717117
20222,11620630,남현동,4645817
20222,11620645,서원동,5919114
20222,11620655,신원동,6433090
20222,11620665,서림동,5105756
20222,11620685,신사동,8076684
20222,11620695,신림동,10764241
20222,11620715,난향동,1494612
20222,11620725,조원동,6959107
20222,11620735,대학동,6501876
20222,11620745,삼성동,7755697
20222,11620765,미성동,5567533
20222,11620775,난곡동,6382219
20222,11650510,서초1동,7686806
20222,11650520,서초2동,6960367
20222,11650530,서초3동,12463833
20222,11650531,서초4동,7112232
20222,11650540,잠원동,6838924
20222,11650550,반포본동,250736
20222,11650560,반포1동,6922306
20222,11650570,반포2동,1501557
20222,11650580,반포3동,2892242
20222,11650581,반포4동,5882927
20222,11650590,방배본동,4632233
20222,11650600,방배1동,5006485
20222,11650610,방배2동,5137693
20222,11650620,방배3동,3020523
20222,11650621,방배4동,6737608
20222,11650651,양재1동,8652983
20222,11650652,양재2동,6208165
20222,11650660,내곡동,2365941
20222,11680510,신사동,7387671
20222,11680521,논현1동,10509558
20222,11680531,논현2동,11430808
20222,11680545,압구정동,8167736
20222,11680565,청담동,10100903
20222,11680580,삼성1동,4782935
20222,11680590,삼성2동,9682468
20222,11680600,대치1동,4688934
20222,11680610,대치2동,6057352
20222,11680630,대치4동,10040365
20222,11680640,역삼1동,21676280
20222,11680650,역삼2동,11744935
20222,11680655,도곡1동,7182339
20222,11680656,도곡2동,4011214
20222,11680660,개포1동,833112
20222,11680670,개포2동,1792823
20222,11680690,개포4동,3600037
20222,11680700,세곡동,3466346
20222,11680720,일원본동,2629012
20222,11680730,일원1동,2835798
20222,11680740,일원2동,1039182
20222,11680750,수서동,2369826
20222,11710510,풍납1동,5002323
20222,11710520,풍납2동,6288599
20222,11710531,거여1동,3533156
20222,11710532,거여2동,4075339
20222,11710540,마천1동,3688768
20222,11710550,마천2동,5617102
20222,11710561,방이1동,3497213
20222,11710562,방이2동,6680013
20222,11710566,오륜동,691813
20222,11710570,오금동,9924703
20222,11710580,송파1동,6723398
20222,11710590,송파2동,3401191
20222,11710600,석촌동,7321894
20222,11710610,삼전동,7052959
20222,11710620,가락본동,8352514
20222,11710631,가락1동,729301
20222,11710632,가락2동,6217485
20222,11710641,문정1동,4586112
20222,11710642,문정2동,2656792
20222,11710646,장지동,8468092
20222,11710647,위례동,3643283
20222,11710650,잠실본동,7683442
20222,11710670,잠실2동,2058801
20222,11710680,잠실3동,3360609
20222,11710690,잠실4동,2012656
20222,11710710,잠실6동,2417365
20222,11710720,잠실7동,694649
20222,11740515,강일동,4384420
20222,11740520,상일동,3137347
20222,11740530,명일1동,5258186
20222,11740540,명일2동,2183325
20222,11740550,고덕1동,3493211
20222,11740560,고덕2동,2311883
20222,11740570,암사1동,8807835
20222,11740580,암사2동,2562448
20222,11740590,암사3동,1436558
20222,11740600,천호1동,10645428
20222,11740610,천호2동,11555473
20222,11740620,천호3동,7845622
20222,11740640,성내1동,6068481
20222,11740650,성내2동,8776906
20222,11740660,성내3동,6596700
20222,11740685,길동,17176390
20222,11740690,둔촌1동,8220
20222,11740700,둔촌2동,7182157
20222,11110515,청운효자동,3938615
20222,11110530,사직동,4023951
20222,11110540,삼청동,958107
20222,11110550,부암동,1335174
20222,11110560,평창동,823064
20222,11110570,무악동,1997662
20222,11110580,교남동,3756720
20222,11110600,가회동,1492365
20222,11110615,종로1?2?3?4가동,14055441
20222,11110630,종로5?6가동,6853770
20222,11110640,이화동,3745622
20222,11110650,혜화동,9289194
20222,11110670,창신1동,3122932
20222,11110680,창신2동,5975362
20222,11110690,창신3동,1239295
20222,11110700,숭인1동,2237252
20222,11110710,숭인2동,5509889
20222,11140520,소공동,2768904
20222,11140540,회현동,4639058
20222,11140550,명동,5335254
20222,11140570,필동,2394326
20222,11140580,장충동,2282214
20222,11140590,광희동,6021149
20222,11140605,을지로동,5566467
20222,11140615,신당동,6096949
20222,11140625,다산동,4295974
20222,11140635,약수동,2308272
20222,11140645,청구동,3206609
20222,11140650,신당5동,4674236
20222,11140665,동화동,2637631
20222,11140670,황학동,6282385
20222,11140680,중림동,2252485
20222,11170510,후암동,4364116
20222,11170520,용산2가동,4924851
20222,11170530,남영동,2323616
20222,11170555,청파동,8037725
20222,11170560,원효로1동,5351071
20222,11170570,원효로2동,3918613
20222,11170580,효창동,4030006
20222,11170590,용문동,2963228
20222,11170625,한강로동,5156556
20222,11170630,이촌1동,5113789
20222,11170640,이촌2동,2026051
20222,11170650,이태원1동,2902036
20222,11170660,이태원2동,2924180
20222,11170685,한남동,6136017
20222,11170690,서빙고동,1973400
20222,11170700,보광동,4272041
20222,11200520,왕십리2동,5011373
20222,11200535,왕십리도선동,5943850
20222,11200540,마장동,5525130
20222,11200550,사근동,4659848
20222,11200560,행당1동,4074946
20222,11200570,행당2동,4702856
20222,11200580,응봉동,3028749
20222,11200590,금호1가동,3700931
20222,11200615,금호2?3가동,6509677
20222,11200620,금호4가동,2888824
20222,11200645,옥수동,3020123
20222,11200650,성수1가1동,3356026
20222,11200660,성수1가2동,5794442
20222,11200670,성수2가1동,5393257
20222,11200690,성수2가3동,5474709
20222,11200720,송정동,3385777
20222,11200790,용답동,3311298
20222,11215710,화양동,9953976
20222,11215730,군자동,5580965
20222,11215740,중곡1동,3946861
20222,11215750,중곡2동,4884185
20222,11215760,중곡3동,4758973
20222,11215770,중곡4동,6740603
20222,11215780,능동,2570860
20222,11215810,광장동,6100966
20222,11215820,자양1동,8495087
20222,11215830,자양2동,5306211
20222,11215840,자양3동,7383710
20222,11215847,자양4동,8356199
20222,11215850,구의1동,8614884
20222,11215860,구의2동,5658424
20222,11215870,구의3동,6638566
20222,11230536,용신동,14892271
20222,11230545,제기동,12698145
20222,11230560,전농1동,11361615
20222,11230570,전농2동,2553819
20222,11230600,답십리1동,6905339
20222,11230610,답십리2동,6927771
20222,11230650,장안1동,8928012
20222,11230660,장안2동,7293029
20222,11230705,청량리동,6142244
20222,11230710,회기동,5721496
20222,11230720,휘경1동,5576508
20222,11230730,휘경2동,5306364
20222,11230740,이문1동,9641730
20222,11230750,이문2동,4163854
20222,11260520,면목2동,6057297
20222,11260540,면목4동,5313724
20222,11260550,면목5동,2551641
20222,11260565,면목본동,9854569
20222,11260570,면목7동,7718645
20222,11260575,면목3?8동,6301236
20222,11260580,상봉1동,5134092
20222,11260590,상봉2동,7404002
20222,11260600,중화1동,5866219
20222,11260610,중화2동,7863298
20222,11260620,묵1동,7534424
20222,11260630,묵2동,6051763
20222,11260655,망우본동,10777838
20222,11260660,망우3동,4568836
20222,11260680,신내1동,5734397
20222,11260690,신내2동,2024192
20222,11290525,성북동,4389341
20222,11290555,삼선동,10484957
20222,11290575,동선동,8993623
20222,11290580,돈암1동,2899607
20222,11290590,돈암2동,2886219
20222,11290600,안암동,7318658
20222,11290610,보문동,5648122
20222,11290620,정릉1동,4937874
20222,11290630,정릉2동,5944375
20222,11290640,정릉3동,3195823
20222,11290650,정릉4동,3335576
20222,11290660,길음1동,6731114
20222,11290685,길음2동,4982957
20222,11290705,종암동,10769919
20222,11290715,월곡1동,7761274
20222,11290725,월곡2동,6136080
20222,11290760,장위1동,6918638
20222,11290770,장위2동,5091746
20222,11290780,장위3동,2586865
20222,11290810,석관동,10447480
20222,11305534,삼양동,11753924
20222,11305535,미아동,7864860
20222,11305545,송중동,12354768
20222,11305555,송천동,12998739
20222,11305575,삼각산동,3091046
20222,11305595,번1동,6891483
20222,11305603,번2동,3287774
20222,11305608,번3동,3489222
20222,11305615,수유1동,6737241
20222,11305625,수유2동,6023844
20222,11305635,수유3동,10818544
20222,11305645,우이동,4250055
20222,11305660,인수동,8979805
20222,11320511,창1동,4682072
20222,11320512,창2동,10245452
20222,11320513,창3동,4156527
20222,11320514,창4동,3634289
20222,11320515,창5동,4419698
20222,11320521,도봉1동,3810294
20222,11320522,도봉2동,3663743
20222,11320660,쌍문1동,5293374
20222,11320670,쌍문2동,4492342
20222,11320680,쌍문3동,5456247
20222,11320681,쌍문4동,2913872
20222,11320690,방학1동,7207399
20222,11320700,방학2동,3000005
20222,11320710,방학3동,3521896
20222,11350560,월계1동,4906171
20222,11350570,월계2동,4089975
20222,11350580,월계3동,2872501
20222,11350595,공릉1동,11479298
20222,11350600,공릉2동,8121928
20222,11350611,하계1동,3952534
20222,11350612,하계2동,2807080
20222,11350619,중계본동,4217611
20222,11350621,중계1동,4138961
20222,11350624,중계4동,3089854
20222,11350625,중계2?3동,4578742
20222,11350630,상계1동,7591856
20222,11350640,상계2동,10907938
20222,11350665,상계3?4동,8370230
20222,11350670,상계5동,6692986
20222,11350695,상계6?7동,6762745
20222,11350700,상계8동,1009977
20222,11350710,상계9동,1958440
20222,11350720,상계10동,1981751
20222,11380510,녹번동,7128982
20222,11380520,불광1동,5709343
20222,11380530,불광2동,5686226
20222,11380551,갈현1동,8050762
20222,11380552,갈현2동,6417780
20222,11380560,구산동,5503723
20222,11380570,대조동,10148000
20222,11380580,응암1동,6114178
20222,11380590,응암2동,3491860
20222,11380600,응암3동,8020629
20222,11380625,역촌동,12598472
20222,11380631,신사1동,6511679
20222,11380632,신사2동,3473226
20222,11380640,증산동,3368112
20222,11380650,수색동,1876908
20222,11380690,진관동,7519529
20222,11410520,천연동,4233722
20222,11410555,북아현동,16905991
20222,11410565,충현동,10286381
20222,11410585,신촌동,10938950
20222,11410615,연희동,8635297
20222,11410620,홍제1동,5847378
20222,11410640,홍제3동,4258700
20222,11410655,홍제2동,2729036
20222,11410660,홍은1동,3800365
20222,11410685,홍은2동,4608780
20222,11410690,남가좌1동,1091340
20222,11410700,남가좌2동,6104528
20222,11410710,북가좌1동,2984587
20222,11410720,북가좌2동,12790630
20222,11440555,아현동,6181204
20222,11440565,공덕동,14116007
20222,11440585,도화동,3889059
20222,11440590,용강동,7401446
20222,11440600,대흥동,7560451
20222,11440610,염리동,3498765
20222,11440630,신수동,5572092
20222,11440655,서강동,6217607
20222,11440660,서교동,17396341
20222,11440680,합정동,5636677
20222,11440690,망원1동,7173292
20222,11440700,망원2동,6198174
20222,11440710,연남동,6886132
20222,11440720,성산1동,6223054
20222,11440730,성산2동,7328744
20222,11440740,상암동,5340661
20222,11470510,목1동,5460450
20222,11470520,목2동,7079485
20223,11650652,양재2동,5989381
20223,11650660,내곡동,2302313
20223,11680510,신사동,7254624
20223,11680521,논현1동,10264657
20223,11680531,논현2동,11124520
20223,11680545,압구정동,8206322
20223,11680565,청담동,9831898
20223,11680580,삼성1동,4824618
20223,11680590,삼성2동,9418372
20223,11680600,대치1동,4744684
20223,11680610,대치2동,6110376
20223,11680630,대치4동,10300902
20223,11680640,역삼1동,21619561
20223,11680650,역삼2동,11961191
20223,11680655,도곡1동,6991801
20223,11680656,도곡2동,3917081
20223,11680660,개포1동,793797
20223,11680670,개포2동,1728028
20223,11680690,개포4동,3509123
20223,11680700,세곡동,3435796
20223,11680720,일원본동,2554801
20223,11680730,일원1동,2692582
20223,11680740,일원2동,1041746
20223,11680750,수서동,2224309
20223,11710510,풍납1동,4938616
20223,11710520,풍납2동,5616770
20223,11710531,거여1동,3525217
20223,11710532,거여2동,3916189
20223,11710540,마천1동,3689239
20223,11710550,마천2동,5458840
20223,11710561,방이1동,3495947
20223,11710562,방이2동,6514554
20223,11710566,오륜동,661618
20223,11710570,오금동,9738450
20223,11710580,송파1동,6561763
20223,11710590,송파2동,3305670
20223,11710600,석촌동,6943327
20223,11710610,삼전동,6668206
20223,11710620,가락본동,8196884
20223,11710631,가락1동,721271
20223,11710632,가락2동,6034105
20223,11710641,문정1동,4509808
20223,11710642,문정2동,2752970
20223,11710646,장지동,8073106
20223,11710647,위례동,3527496
20223,11710650,잠실본동,7774306
20223,11710670,잠실2동,1971961
20223,11710680,잠실3동,3355983
20223,11710690,잠실4동,2072894
20223,11710710,잠실6동,2399832
20223,11710720,잠실7동,668032
20223,11740515,강일동,4357511
20223,11740520,상일동,3366878
20223,11740530,명일1동,4940298
20223,11740540,명일2동,2104581
20223,11740550,고덕1동,3716313
20223,11740560,고덕2동,2248378
20223,11740570,암사1동,8560695
20223,11740580,암사2동,2604085
20223,11740590,암사3동,1457747
20223,11740600,천호1동,9886415
20223,11740610,천호2동,11187787
20223,11740620,천호3동,7802545
20223,11740640,성내1동,5883042
20223,11740650,성내2동,8569973
20223,11740660,성내3동,6546862
20223,11740685,길동,17008849
20223,11740690,둔촌1동,7864
20223,11740700,둔촌2동,7207926
20223,11170650,이태원1동,2874729
20223,11170660,이태원2동,2812081
20223,11170685,한남동,5940086
20223,11170690,서빙고동,1886710
20223,11170700,보광동,4113922
20223,11200520,왕십리2동,4667887
20223,11200535,왕십리도선동,5769909
20223,11200540,마장동,5398571
20223,11200550,사근동,4228154
20223,11200560,행당1동,4327205
20223,11200570,행당2동,4543847
20223,11200580,응봉동,3053202
20223,11200590,금호1가동,3692816
20223,11200615,금호2?3가동,6382782
20223,11200620,금호4가동,2971387
20223,11200645,옥수동,2865438
20223,11200650,성수1가1동,3193270
20223,11200660,성수1가2동,5660527
20223,11200670,성수2가1동,5192338
20223,11200690,성수2가3동,5402252
20223,11200720,송정동,3310195
20223,11200790,용답동,3236139
20223,11215710,화양동,9441233
20223,11215730,군자동,5366704
20223,11215740,중곡1동,3906471
20223,11215750,중곡2동,4730048
20223,11215760,중곡3동,4750569
20223,11215770,중곡4동,6470509
20223,11215780,능동,2423683
20223,11215810,광장동,6038228
20223,11215820,자양1동,7966562
20223,11215830,자양2동,5260436
20223,11215840,자양3동,7129135
20223,11215847,자양4동,8285373
20223,11215850,구의1동,8227681
20223,11215860,구의2동,5735929
20223,11215870,구의3동,6381487
20223,11230536,용신동,13769562
20223,11230545,제기동,12649801
20223,11230560,전농1동,10229052
20223,11230570,전농2동,2512405
20223,11230600,답십리1동,6982645
20223,11230610,답십리2동,6965002
20223,11230650,장안1동,8876950
20223,11230660,장안2동,7182949
20223,11230705,청량리동,6065977
20223,11230710,회기동,5486261
20223,11230720,휘경1동,5736254
20223,11230730,휘경2동,4966698
20223,11230740,이문1동,8848777
20223,11230750,이문2동,3975673
20223,11260520,면목2동,6021755
20223,11260540,면목4동,5263300
20223,11260550,면목5동,2261969
20223,11260565,면목본동,9783797
20223,11260570,면목7동,7389108
20223,11260575,면목3?8동,6209945
20223,11260580,상봉1동,4971389
20223,11260590,상봉2동,7236883
20223,11260600,중화1동,5803649
20223,11260610,중화2동,7746179
20223,11260620,묵1동,7316490
20223,11260630,묵2동,5964267
20223,11260655,망우본동,10258900
20223,11260660,망우3동,4446669
20223,11260680,신내1동,5624585
20223,11260690,신내2동,1900979
20223,11290525,성북동,4185561
20223,11290555,삼선동,10089969
20223,11290575,동선동,8162785
20223,11290580,돈암1동,2849782
20223,11290590,돈암2동,2829194
20223,11290600,안암동,6697856
20223,11290610,보문동,5642287
20223,11290620,정릉1동,4893947
20223,11290630,정릉2동,5922981
20223,11290640,정릉3동,3014391
20223,11290650,정릉4동,3289634
20223,11290660,길음1동,6430464
20223,11290685,길음2동,5052502
20223,11290705,종암동,10819925
20223,11290715,월곡1동,7232763
20223,11290725,월곡2동,6091081
20223,11290760,장위1동,6811250
20223,11290770,장위2동,4906441
20223,11290780,장위3동,2603602
20223,11290810,석관동,10342243
20223,11305534,삼양동,11389158
20223,11305535,미아동,7877043
20223,11305545,송중동,12303651
20223,11305555,송천동,12588317
20223,11305575,삼각산동,3150906
20223,11305595,번1동,6986595
20223,11305603,번2동,3156235
20223,11305608,번3동,3373031
20223,11305615,수유1동,6449213
20223,11305625,수유2동,5788858
20223,11305635,수유3동,10640569
20223,11305645,우이동,4320027
20223,11305660,인수동,8849009
20223,11320511,창1동,4347830
20223,11320512,창2동,9882283
20223,11320513,창3동,4135317
20223,11320514,창4동,3556920
20223,11320515,창5동,4363010
20223,11320521,도봉1동,3734291
20223,11320522,도봉2동,3501285
20223,11320660,쌍문1동,5345433
20223,11320670,쌍문2동,4443447
20223,11320680,쌍문3동,5295625
20223,11320681,쌍문4동,2846559
20223,11320690,방학1동,6843838
20223,11320700,방학2동,3190596
20223,11320710,방학3동,3447867
20223,11350560,월계1동,4473803
20223,11350570,월계2동,3835507
20223,11350580,월계3동,2681093
20223,11350595,공릉1동,11042181
20223,11350600,공릉2동,7797609
20223,11350611,하계1동,3733526
20223,11350612,하계2동,2849134
20223,11350619,중계본동,4101924
20223,11350621,중계1동,4016294
20223,11350624,중계4동,2983535
20223,11350625,중계2?3동,4560422
20223,11350630,상계1동,7550855
20223,11350640,상계2동,10782465
20223,11350665,상계3?4동,8177974
20223,11350670,상계5동,6521844
20223,11350695,상계6?7동,6495405
20223,11350700,상계8동,975607
20223,11350710,상계9동,1925039
20223,11350720,상계10동,1944476
20223,11380510,녹번동,6906735
20223,11380520,불광1동,5362779
20223,11380530,불광2동,5592027
20223,11380551,갈현1동,7755075
20223,11380552,갈현2동,6282554
20223,11380560,구산동,5277563
20223,11380570,대조동,10268812
20223,11380580,응암1동,5998989
20223,11380590,응암2동,3456549
20223,11380600,응암3동,7947130
20223,11380625,역촌동,12343852
20223,11380631,신사1동,6419203
20223,11380632,신사2동,3139723
20223,11380640,증산동,3425408
20223,11380650,수색동,1702188
20223,11380690,진관동,7494875
20223,11410520,천연동,4101721
20223,11410555,북아현동,17052863
20223,11410565,충현동,10079938
20223,11410585,신촌동,10749177
20223,11410615,연희동,8291811
20223,11410620,홍제1동,5955345
20223,11410640,홍제3동,4015087
20223,11410655,홍제2동,2666999
20223,11410660,홍은1동,3842182
20223,11410685,홍은2동,4261669
20223,11410690,남가좌1동,1103674
20223,11410700,남가좌2동,5749470
20223,11410710,북가좌1동,3196465
20223,11410720,북가좌2동,12307228
20223,11440555,아현동,5989987
20223,11440565,공덕동,14377642
20223,11440585,도화동,3673350
20223,11440590,용강동,6798019
20223,11440600,대흥동,7546855
20223,11440610,염리동,3793889
20223,11440630,신수동,5344689
20223,11440655,서강동,5920417
20223,11440660,서교동,17310749
20223,11440680,합정동,5524132
20223,11440690,망원1동,7149011
20223,11440700,망원2동,5948889
20223,11440710,연남동,6636535
20223,11440720,성산1동,6268943
20223,11440730,성산2동,7286204
20223,11440740,상암동,5329808
20223,11470510,목1동,5087505
20223,11470520,목2동,6995102
20223,11470530,목3동,4589598
20223,11470540,목4동,5825511
20223,11470550,목5동,4606414
20223,11470560,신월1동,4125809
20223,11470570,신월2동,4024504
20223,11470580,신월3동,2827844
20223,11470590,신월4동,3300636
20223,11470600,신월5동,2011340
20223,11470610,신월6동,913058
20223,11470611,신월7동,2097213
20223,11470620,신정1동,3636022
20223,11470630,신정2동,4057995
20223,11470640,신정3동,7669002
20223,11470650,신정4동,10353703
20223,11470670,신정6동,1962318
20223,11470680,신정7동,3111277
20223,11500510,염창동,8416296
20223,11500520,등촌1동,5286031
20223,11500530,등촌2동,3801031
20223,11500535,등촌3동,6612205
20223,11500540,화곡1동,16519988
20223,11500550,화곡2동,3445932
20223,11500560,화곡3동,3711555
20223,11500570,화곡4동,4432677
20223,11500590,화곡본동,8389289
20223,11500591,화곡6동,5105108
20223,11500593,화곡8동,7747271
20223,11500603,가양1동,3556303
20223,11500604,가양2동,2006100
20223,11500605,가양3동,1610861
20223,11500611,발산1동,5583361
20223,11500615,우장산동,6135914
20223,11500620,공항동,5530722
20223,11500630,방화1동,7363092
20223,11500640,방화2동,4862601
20223,11500641,방화3동,3090476
20223,11530510,신도림동,6071828
20223,11530520,구로1동,2207208
20223,11530530,구로2동,8930317
20223,11530540,구로3동,7070198
20223,11530550,구로4동,7150078
20223,11530560,구로5동,6719759
20223,11530595,가리봉동,3183595
20223,11530720,고척1동,4591331
20223,11530730,고척2동,5701327
20223,11530740,개봉1동,7588984
20223,11530750,개봉2동,3717424
20223,11530760,개봉3동,3760505
20223,11530770,오류1동,3602363
20223,11530780,오류2동,5124047
20223,11530790,수궁동,1783999
20223,11530800,항동,1057084
20223,11545510,가산동,4926680
20223,11545610,독산1동,4767540
20223,11545620,독산2동,3754670
20223,11545630,독산3동,5821619
20223,11545640,독산4동,3697966
20223,11545670,시흥1동,5698335
20223,11545680,시흥2동,1700756
20223,11545690,시흥3동,1294580
20223,11545700,시흥4동,2552175
20223,11545710,시흥5동,3652754
20223,11560515,영등포본동,7079140
20223,11560535,영등포동,10822694
20223,11560540,여의동,5918081
20223,11560550,당산1동,6795318
20223,11560560,당산2동,8056966
20223,11560585,도림동,5299503
20223,11560605,문래동,9260209
20223,11560610,양평1동,5588252
20223,11560620,양평2동,5267978
20223,11560630,신길1동,5678096
20223,11560650,신길3동,6109359
20223,11560660,신길4동,2845062
20223,11560670,신길5동,3431945
20223,11560680,신길6동,5806457
20223,11560690,신길7동,3303363
20223,11560700,대림1동,4915163
20223,11560710,대림2동,5519799
20223,11560720,대림3동,7382861
20223,11590510,노량진1동,6311154
20223,11590520,노량진2동,3570962
20223,11590530,상도1동,7843976
20223,11590540,상도2동,5314197
20223,11590550,상도3동,5167097
20223,11590560,상도4동,6114375
20223,11590605,흑석동,7263387
20223,11590620,사당1동,7213111
20223,11590630,사당2동,7599104
20223,11590640,사당3동,5971615
20223,11590650,사당4동,3580583
20223,11590651,사당5동,3204888
20223,11590660,대방동,6857765
20223,11590670,신대방1동,3181348
20223,11590680,신대방2동,5019633
20223,11620525,보라매동,3439593
20223,11620545,청림동,2978183
20223,11620565,성현동,4470688
20223,11620575,행운동,7299809
20223,11620585,낙성대동,5953874
20223,11620595,청룡동,10559025
20223,11620605,은천동,8998437
20223,11620615,중앙동,5560510
20223,11620625,인헌동,6425584
20223,11620630,남현동,4598631
20223,11620645,서원동,5686144
20223,11620655,신원동,6428782
20223,11620665,서림동,4985934
20223,11620685,신사동,7809603
20223,11620695,신림동,10681065
20223,11620715,난향동,1458709
20223,11620725,조원동,6757553
20223,11620735,대학동,6327540
20223,11620745,삼성동,7443684
20223,11620765,미성동,5464911
20223,11620775,난곡동,6271216
20223,11650510,서초1동,7339027
20223,11650520,서초2동,6803870
20223,11650530,서초3동,12108999
20223,11650531,서초4동,6890278
20223,11650540,잠원동,6676857
20223,11650550,반포본동,286966
20223,11650560,반포1동,6811812
20223,11650570,반포2동,1413867
20223,11650580,반포3동,2945398
20223,11650581,반포4동,5730024
20223,11650590,방배본동,4419881
20223,11650600,방배1동,4713884
20223,11650610,방배2동,5044898
20223,11650620,방배3동,2998263
20223,11650621,방배4동,6617542
20223,11650651,양재1동,8413966
20223,11110515,청운효자동,3606790
20223,11110530,사직동,3920336
20223,11110540,삼청동,877049
20223,11110550,부암동,1214589
20223,11110560,평창동,813663
20223,11110570,무악동,1987012
20223,11110580,교남동,3729177
20223,11110600,가회동,1386179
20223,11110615,종로1?2?3?4가동,13658351
20223,11110630,종로5?6가동,6516807
20223,11110640,이화동,3633972
20223,11110650,혜화동,8987899
20223,11110670,창신1동,2898791
20223,11110680,창신2동,5946048
20223,11110690,창신3동,1206615
20223,11110700,숭인1동,2174348
20223,11110710,숭인2동,5327005
20223,11140520,소공동,2740849
20223,11140540,회현동,4408062
20223,11140550,명동,5307310
20223,11140570,필동,2207485
20223,11140580,장충동,2237927
20223,11140590,광희동,5985472
20223,11140605,을지로동,5350661
20223,11140615,신당동,5775806
20223,11140625,다산동,4121578
20223,11140635,약수동,2304965
20223,11140645,청구동,3154034
20223,11140650,신당5동,4184784
20223,11140665,동화동,2868966
20223,11140670,황학동,5902013
20223,11140680,중림동,2053016
20223,11170510,후암동,4303739
20223,11170520,용산2가동,4577419
20223,11170530,남영동,2238943
20223,11170555,청파동,7539458
20223,11170560,원효로1동,5191256
20223,11170570,원효로2동,4173672
20223,11170580,효창동,3756191
20223,11170590,용문동,2773657
20223,11170625,한강로동,5518392
20223,11170630,이촌1동,5057167
20223,11170640,이촌2동,1874647
20224,11320515,창5동,4361275
20224,11320521,도봉1동,3725144
20224,11320522,도봉2동,3362002
20224,11320660,쌍문1동,5305248
20224,11320670,쌍문2동,4493516
20224,11320680,쌍문3동,5585869
20224,11320681,쌍문4동,2633505
20224,11320690,방학1동,6655034
20224,11320700,방학2동,3207918
20224,11320710,방학3동,3567732
20224,11350560,월계1동,4753280
20224,11350570,월계2동,3915675
20224,11350580,월계3동,2682804
20224,11350595,공릉1동,11007014
20224,11350600,공릉2동,7961343
20224,11350611,하계1동,3727829
20224,11350612,하계2동,2963026
20224,11350619,중계본동,4045495
20224,11350621,중계1동,3867269
20224,11350624,중계4동,3030796
20224,11350625,중계2?3동,4531908
20224,11350630,상계1동,7490688
20224,11350640,상계2동,10733187
20224,11350665,상계3?4동,8003551
20224,11350670,상계5동,6399483
20224,11350695,상계6?7동,6343799
20224,11350700,상계8동,996835
20224,11350710,상계9동,1919568
20224,11350720,상계10동,1971859
20224,11380510,녹번동,6890850
20224,11380520,불광1동,5483301
20224,11380530,불광2동,5713003
20224,11380551,갈현1동,7309825
20224,11380552,갈현2동,6250054
20224,11380560,구산동,5281160
20224,11380570,대조동,10515959
20224,11380580,응암1동,5803670
20224,11380590,응암2동,3644206
20224,11380600,응암3동,8431867
20224,11380625,역촌동,12171331
20224,11380631,신사1동,6358275
20224,11380632,신사2동,3095377
20224,11380640,증산동,3491002
20224,11380650,수색동,1658149
20224,11380690,진관동,7345861
20224,11410520,천연동,4183453
20224,11410555,북아현동,17582013
20224,11410565,충현동,10168702
20224,11410585,신촌동,11140918
20224,11410615,연희동,8421444
20224,11410620,홍제1동,6230808
20224,11410640,홍제3동,4130096
20224,11410655,홍제2동,2597092
20224,11410660,홍은1동,3755371
20224,11410685,홍은2동,4494815
20224,11410690,남가좌1동,1198511
20224,11410700,남가좌2동,6141530
20224,11410710,북가좌1동,3068844
20224,11410720,북가좌2동,11842662
20224,11440555,아현동,6026412
20224,11440565,공덕동,14866522
20224,11440585,도화동,3505609
20224,11440590,용강동,5949238
20224,11440600,대흥동,8040962
20224,11440610,염리동,5030875
20224,11440630,신수동,5204926
20224,11440655,서강동,6092443
20224,11440660,서교동,17759583
20224,11440680,합정동,5432399
20224,11440690,망원1동,6849652
20224,11440700,망원2동,5763807
20224,11440710,연남동,6492286
20224,11440720,성산1동,6314498
20224,11440730,성산2동,7200829
20224,11440740,상암동,5493705
20224,11470510,목1동,4734007
20224,11470520,목2동,7037970
20224,11470530,목3동,4828046
20224,11470540,목4동,5819088
20224,11470550,목5동,4429171
20224,11470560,신월1동,3989383
20224,11470570,신월2동,3931456
20224,11470580,신월3동,2726611
20224,11470590,신월4동,3172401
20224,11470600,신월5동,2103697
20224,11470610,신월6동,930949
20224,11470611,신월7동,2134572
20224,11470620,신정1동,3296428
20224,11470630,신정2동,4361965
20224,11470640,신정3동,7521366
20224,11470650,신정4동,10374763
20224,11470670,신정6동,2038645
20224,11470680,신정7동,3120980
20224,11500510,염창동,8560751
20224,11500520,등촌1동,5207119
20224,11500530,등촌2동,3931313
20224,11500535,등촌3동,6703035
20224,11500540,화곡1동,16707796
20224,11500550,화곡2동,3221207
20224,11500560,화곡3동,3938000
20224,11500570,화곡4동,4382204
20224,11500590,화곡본동,8312758
20224,11500591,화곡6동,5219910
20224,11500593,화곡8동,8325054
20224,11500603,가양1동,3614920
20224,11500604,가양2동,2013091
20224,11500605,가양3동,1688823
20224,11500611,발산1동,5628144
20224,11500615,우장산동,6304418
20224,11500620,공항동,5511386
20224,11500630,방화1동,7416241
20224,11500640,방화2동,4698965
20224,11500641,방화3동,3055878
20224,11530510,신도림동,6267024
20224,11530520,구로1동,2098578
20224,11530530,구로2동,9020020
20224,11530540,구로3동,7182617
20224,11530550,구로4동,6993773
20224,11530560,구로5동,6853346
20224,11530595,가리봉동,3204216
20224,11530720,고척1동,4313840
20224,11530730,고척2동,5385330
20224,11530740,개봉1동,7890356
20224,11530750,개봉2동,3722091
20224,11530760,개봉3동,3564874
20224,11530770,오류1동,3773362
20224,11530780,오류2동,5248842
20224,11530790,수궁동,2029237
20224,11530800,항동,1035952
20224,11545510,가산동,4962529
20224,11545610,독산1동,4924092
20224,11545620,독산2동,3763983
20224,11545630,독산3동,5719662
20224,11545640,독산4동,3660616
20224,11545670,시흥1동,5663844
20224,11545680,시흥2동,1733271
20224,11545690,시흥3동,1291608
20224,11545700,시흥4동,2415909
20224,11545710,시흥5동,3565055
20224,11560515,영등포본동,6988777
20224,11560535,영등포동,10806192
20224,11560540,여의동,6088534
20224,11560550,당산1동,6792224
20224,11560560,당산2동,8357374
20224,11560585,도림동,5295076
20224,11560605,문래동,9692599
20224,11560610,양평1동,5587117
20224,11560620,양평2동,5257169
20224,11560630,신길1동,5501864
20224,11560650,신길3동,6097456
20224,11560660,신길4동,2853796
20224,11560670,신길5동,3302662
20224,11560680,신길6동,5463641
20224,11560690,신길7동,3772695
20224,11560700,대림1동,4791434
20224,11560710,대림2동,5471352
20224,11560720,대림3동,7201095
20224,11590510,노량진1동,6380661
20224,11590520,노량진2동,3517254
20224,11590530,상도1동,8238724
20224,11590540,상도2동,5328367
20224,11590550,상도3동,4978063
20224,11590560,상도4동,6364535
20224,11590605,흑석동,7384971
20224,11590620,사당1동,7171824
20224,11590630,사당2동,7752732
20224,11590640,사당3동,5917333
20224,11590650,사당4동,3833656
20224,11590651,사당5동,3300707
20224,11590660,대방동,7015158
20224,11590670,신대방1동,3713959
20224,11590680,신대방2동,5158247
20224,11620525,보라매동,3584843
20224,11620545,청림동,3161672
20224,11620565,성현동,4565972
20224,11620575,행운동,7308368
20224,11620585,낙성대동,6173807
20224,11620595,청룡동,10692325
20224,11620605,은천동,8859973
20224,11620615,중앙동,5512121
20224,11620625,인헌동,6429588
20224,11620630,남현동,4579127
20224,11620645,서원동,5656594
20224,11620655,신원동,6505867
20224,11620665,서림동,5129294
20224,11620685,신사동,7711213
20224,11620695,신림동,10112816
20224,11620715,난향동,1415187
20224,11620725,조원동,6851732
20224,11620735,대학동,6347647
20224,11620745,삼성동,7270203
20224,11620765,미성동,5519127
20224,11620775,난곡동,6095495
20224,11650510,서초1동,7718891
20224,11650520,서초2동,6784170
20224,11650530,서초3동,11973862
20224,11650531,서초4동,6718047
20224,11650540,잠원동,6634475
20224,11650550,반포본동,329739
20224,11650560,반포1동,6813380
20224,11650570,반포2동,1472673
20224,11650580,반포3동,3041207
20224,11650581,반포4동,5754448
20224,11650590,방배본동,4332488
20224,11650600,방배1동,4779663
20224,11650610,방배2동,5138109
20224,11650620,방배3동,2994192
20224,11650621,방배4동,6622886
20224,11650651,양재1동,8530692
20224,11650652,양재2동,5982837
20224,11650660,내곡동,2072769
20224,11680510,신사동,7275868
20224,11680521,논현1동,10271464
20224,11680531,논현2동,11254270
20224,11680545,압구정동,8118889
20224,11680565,청담동,9807374
20224,11680580,삼성1동,4743046
20224,11680590,삼성2동,9350804
20224,11680600,대치1동,4675313
20224,11680610,대치2동,5948691
20224,11680630,대치4동,9767306
20224,11680640,역삼1동,21577405
20224,11680650,역삼2동,12206138
20224,11680655,도곡1동,6647622
20224,11680656,도곡2동,3900989
20224,11680660,개포1동,794780
20224,11680670,개포2동,1689285
20224,11680690,개포4동,3469372
20224,11680700,세곡동,3395146
20224,11680720,일원본동,2482766
20224,11680730,일원1동,2695400
20224,11680740,일원2동,1072265
20224,11680750,수서동,2246094
20224,11710510,풍납1동,4855023
20224,11710520,풍납2동,5457838
20224,11710531,거여1동,3640734
20224,11710532,거여2동,3702217
20224,11710540,마천1동,3678966
20224,11710550,마천2동,5267135
20224,11710561,방이1동,3592236
20224,11710562,방이2동,6652979
20224,11710566,오륜동,678028
20224,11710570,오금동,9835989
20224,11710580,송파1동,6387004
20224,11710590,송파2동,3223593
20224,11710600,석촌동,7021862
20224,11710610,삼전동,6565520
20224,11710620,가락본동,8312922
20224,11710631,가락1동,752834
20224,11710632,가락2동,6123769
20224,11710641,문정1동,4516217
20224,11710642,문정2동,2860989
20224,11710646,장지동,8082167
20224,11710647,위례동,3467145
20224,11710650,잠실본동,7956595
20224,11710670,잠실2동,1929535
20224,11710680,잠실3동,3299098
20224,11710690,잠실4동,1956568
20224,11710710,잠실6동,2423287
20224,11710720,잠실7동,658737
20224,11740515,강일동,4438784
20224,11740520,상일동,3338499
20224,11740530,명일1동,4910897
20224,11740540,명일2동,2162108
20224,11740550,고덕1동,3800264
20224,11740560,고덕2동,2333348
20224,11740570,암사1동,8431260
20224,11740580,암사2동,2573259
20224,11740590,암사3동,1454042
20224,11740600,천호1동,10067211
20224,11740610,천호2동,11269738
20224,11740620,천호3동,7679009
20224,11740640,성내1동,5963423
20224,11740650,성내2동,8609874
20224,11740660,성내3동,6577007
20224,11740685,길동,16941692
20224,11740690,둔촌1동,7949
20224,11740700,둔촌2동,7231008
20224,11110515,청운효자동,3710225
20224,11110530,사직동,4045466
20224,11110540,삼청동,925272
20224,11110550,부암동,1165684
20224,11110560,평창동,850763
20224,11110570,무악동,1953884
20224,11110580,교남동,3754920
20224,11110600,가회동,1470368
20224,11110615,종로1?2?3?4가동,14211700
20224,11110630,종로5?6가동,6783250
20224,11110640,이화동,3787131
20224,11110650,혜화동,9482747
20224,11110670,창신1동,3049106
20224,11110680,창신2동,5915377
20224,11110690,창신3동,1189610
20224,11110700,숭인1동,2171074
20224,11110710,숭인2동,5403919
20224,11140520,소공동,2868819
20224,11140540,회현동,4675699
20224,11140550,명동,5607132
20224,11140570,필동,2304782
20224,11140580,장충동,2370640
20224,11140590,광희동,6200061
20224,11140605,을지로동,5536824
20224,11140615,신당동,6102354
20224,11140625,다산동,4286232
20224,11140635,약수동,2194188
20224,11140645,청구동,3281357
20224,11140650,신당5동,3922010
20224,11140665,동화동,3289273
20224,11140670,황학동,5816714
20224,11140680,중림동,1980240
20224,11170510,후암동,4426506
20224,11170520,용산2가동,4219838
20224,11170530,남영동,2288380
20224,11170555,청파동,7788252
20224,11170560,원효로1동,5309850
20224,11170570,원효로2동,4229587
20224,11170580,효창동,3770629
20224,11170590,용문동,2653013
20224,11170625,한강로동,5594717
20224,11170630,이촌1동,4945027
20224,11170640,이촌2동,1504229
20224,11170650,이태원1동,2654144
20224,11170660,이태원2동,2895062
20224,11170685,한남동,5901425
20224,11170690,서빙고동,1841075
20224,11170700,보광동,4016596
20224,11200520,왕십리2동,4727549
20224,11200535,왕십리도선동,5748202
20224,11200540,마장동,5477871
20224,11200550,사근동,4480873
20224,11200560,행당1동,4625616
20224,11200570,행당2동,4587817
20224,11200580,응봉동,3077611
20224,11200590,금호1가동,3635564
20224,11200615,금호2?3가동,6382643
20224,11200620,금호4가동,2983021
20224,11200645,옥수동,2944512
20224,11200650,성수1가1동,3228490
20224,11200660,성수1가2동,5413618
20224,11200670,성수2가1동,5209181
20224,11200690,성수2가3동,5526216
20224,11200720,송정동,3308618
20224,11200790,용답동,3278629
20224,11215710,화양동,9597951
20224,11215730,군자동,5589225
20224,11215740,중곡1동,3881937
20224,11215750,중곡2동,4730886
20224,11215760,중곡3동,4771588
20224,11215770,중곡4동,6474844
20224,11215780,능동,2446260
20224,11215810,광장동,6160261
20224,11215820,자양1동,8057953
20224,11215830,자양2동,5266001
20224,11215840,자양3동,6626119
20224,11215847,자양4동,8226585
20224,11215850,구의1동,8024427
20224,11215860,구의2동,5621687
20224,11215870,구의3동,6675168
20224,11230536,용신동,13996313
20224,11230545,제기동,12720943
20224,11230560,전농1동,10560614
20224,11230570,전농2동,2549631
20224,11230600,답십리1동,6955988
20224,11230610,답십리2동,6886953
20224,11230650,장안1동,9035354
20224,11230660,장안2동,7234324
20224,11230705,청량리동,6257215
20224,11230710,회기동,5864603
20224,11230720,휘경1동,6025177
20224,11230730,휘경2동,5012157
20224,11230740,이문1동,9715977
20224,11230750,이문2동,3938208
20224,11260520,면목2동,6069486
20224,11260540,면목4동,5283746
20224,11260550,면목5동,2304842
20224,11260565,면목본동,9725373
20224,11260570,면목7동,7068444
20224,11260575,면목3?8동,6409331
20224,11260580,상봉1동,5079088
20224,11260590,상봉2동,7264926
20224,11260600,중화1동,5685598
20224,11260610,중화2동,8021741
20224,11260620,묵1동,7389728
20224,11260630,묵2동,5817535
20224,11260655,망우본동,10064943
20224,11260660,망우3동,4376066
20224,11260680,신내1동,5500152
20224,11260690,신내2동,1897500
20224,11290525,성북동,4279021
20224,11290555,삼선동,10278682
20224,11290575,동선동,8410830
20224,11290580,돈암1동,2888962
20224,11290590,돈암2동,2811064
20224,11290600,안암동,7468420
20224,11290610,보문동,5781922
20224,11290620,정릉1동,4950798
20224,11290630,정릉2동,5826479
20224,11290640,정릉3동,3138910
20224,11290650,정릉4동,3344906
20224,11290660,길음1동,6695018
20224,11290685,길음2동,5135824
20224,11290705,종암동,11075286
20224,11290715,월곡1동,7255634
20224,11290725,월곡2동,6291771
20224,11290760,장위1동,6781090
20224,11290770,장위2동,4817747
20224,11290780,장위3동,2790235
20224,11290810,석관동,10364886
20224,11305534,삼양동,11329873
20224,11305535,미아동,7995179
20224,11305545,송중동,12482185
20224,11305555,송천동,12737853
20224,11305575,삼각산동,3153812
20224,11305595,번1동,6754045
20224,11305603,번2동,3115626
20224,11305608,번3동,3378827
20224,11305615,수유1동,6361648
20224,11305625,수유2동,5721714
20224,11305635,수유3동,10625705
20224,11305645,우이동,4278344
20224,11305660,인수동,8828889
20224,11320511,창1동,4025138
20224,11320512,창2동,9931476
20224,11320513,창3동,4094462
20224,11320514,창4동,3626611
